Species,Genus,areaIntroduced,areaNative,Num_Introduced,Fixer,numOTUs,numGenera,Specialist,Human_Uses,AbsLatNative,LatNative,ChromosomeCount,PloidyLow,diPloidyLow,sfPloidy,disfPloidy,annual,disfPloidy_corrected,subfamily
Abrus_precatorius,Abrus,148000000000,53400000000000,4,1,NA,1,1,7,9.00301812,9.00301812,22,2,0,2,0,0,0,Papilionoideae
Acacia_acuminata,Acacia,0,3330000000000,0,1,NA,NA,NA,2,28.8181412,-28.8181412,26,2,0,2,0,0,0,Mimosoid
Acacia_alata,Acacia,0,2530000000000,0,1,NA,NA,NA,0,25.46607155,-25.46607155,26,2,0,2,0,0,0,Mimosoid
Acacia_ampliceps,Acacia,0,3880000000000,0,1,NA,NA,NA,0,23.4204532,-23.4204532,26,2,0,2,0,0,0,Mimosoid
Acacia_aulacocarpa,Acacia,0,9340000000000,0,1,NA,NA,NA,1,8.51803986,-8.51803986,26,2,0,2,0,0,0,Mimosoid
Acacia_auriculiformis,Acacia,11200000000000,4090000000000,23,1,NA,1,1,4,5.85860106,-5.85860106,26,2,0,2,0,0,0,Mimosoid
Acacia_baileyana,Acacia,10700000000000,6270000000000,13,1,NA,NA,NA,2,26.80596132,-26.80596132,26,2,0,2,0,0,0,Mimosoid
Acacia_berlandieri,Acacia,0,751000000000,0,1,NA,NA,NA,0,25.31401375,25.31401375,26,2,0,2,0,0,0,Mimosoid
Acacia_bonariensis,Acacia,0,4270000000000,0,0,NA,NA,NA,0,26.94705186,-26.94705186,26,2,0,2,0,0,0,Mimosoid
Acacia_brachybotrya,Acacia,115000000000,2010000000000,1,1,NA,NA,NA,0,31.74043124,-31.74043124,26,2,0,2,0,0,0,Mimosoid
Acacia_caffra,Acacia,189000000000,4050000000000,1,1,NA,NA,NA,0,21.71309195,-21.71309195,26,2,0,2,0,0,0,Mimosoid
Acacia_calamifolia,Acacia,1284364074,2010000000000,1,1,NA,NA,NA,1,31.74043124,-31.74043124,26,2,0,2,0,0,0,Mimosoid
Acacia_cardiophylla,Acacia,268000000000,802000000000,2,1,NA,NA,NA,1,32.17021086,-32.17021086,26,2,0,2,0,0,0,Mimosoid
Acacia_catechu,Acacia,2290000000000,8610000000000,5,1,NA,NA,NA,4,22.36270805,22.36270805,26,2,0,2,0,0,0,Mimosoid
Acacia_caven,Acacia,0,5010000000000,0,1,NA,NA,NA,0,27.21964295,-27.21964295,26,2,0,2,0,0,0,Mimosoid
Acacia_cincinnata,Acacia,0,1730000000000,0,1,NA,NA,NA,1,22.57378083,-22.57378083,26,2,0,2,0,0,0,Mimosoid
Acacia_colei,Acacia,0,5610000000000,0,1,NA,NA,NA,3,23.16077529,-23.16077529,52,4,1,4,1,0,1,Mimosoid
Acacia_confusa,Acacia,3580000000000,1250000000000,13,1,NA,NA,NA,3,21.89229771,21.89229771,26,2,0,2,0,0,0,Mimosoid
Acacia_cultriformis,Acacia,20800000000000,2530000000000,13,1,NA,NA,NA,1,25.79163463,-25.79163463,26,2,0,2,0,0,0,Mimosoid
Acacia_dealbata,Acacia,14500000000000,4610000000000,28,1,NA,NA,NA,6,35.13929898,-35.13929898,26,2,0,2,0,0,0,Mimosoid
Acacia_deanei,Acacia,0,3160000000000,0,1,NA,NA,NA,1,16.73557126,-16.73557126,26,2,0,2,0,0,0,Mimosoid
Acacia_decurrens,Acacia,10000000000000,6400000000000,19,1,NA,NA,NA,4,17.04729784,-17.04729784,26,2,0,2,0,0,0,Mimosoid
Acacia_elata,Acacia,9680000000000,3560000000000,11,1,NA,NA,NA,1,29.35867544,-29.35867544,26,2,0,2,0,0,0,Mimosoid
Acacia_elongata,Acacia,0,802000000000,0,1,NA,NA,NA,0,32.17021086,-32.17021086,26,2,0,2,0,0,0,Mimosoid
Acacia_falciformis,Acacia,268000000000,2760000000000,2,1,NA,NA,NA,2,26.81043334,-26.81043334,26,2,0,2,0,0,0,Mimosoid
Acacia_galpinii,Acacia,0,6240000000000,0,1,NA,NA,NA,0,20.01409488,-20.01409488,40,3,1,3,1,0,1,Mimosoid
Acacia_gerrardii,Acacia,0,15000000000000,0,1,NA,NA,NA,0,16.42384857,-16.42384857,52,4,1,4,1,0,1,Mimosoid
Acacia_glaucoptera,Acacia,0,2530000000000,0,1,NA,NA,NA,0,25.46607155,-25.46607155,26,2,0,2,0,0,0,Mimosoid
Acacia_greggii,Acacia,2060000000000,2280000000000,1,0,NA,NA,NA,1,27.19501114,27.19501114,26,2,0,2,0,0,0,Mimosoid
Acacia_hockii,Acacia,0,17500000000000,0,1,NA,NA,NA,0,11.67782942,11.67782942,52,4,1,4,1,0,1,Mimosoid
Acacia_irrorata,Acacia,268000000000,2760000000000,2,1,NA,NA,NA,1,26.80239184,-26.80239184,26,2,0,2,0,0,0,Mimosoid
Acacia_karroo,Acacia,8220000000000,6520000000000,10,1,NA,NA,NA,7,24.27751659,-24.27751659,52,4,1,4,1,0,1,Mimosoid
Acacia_kirkii,Acacia,0,9130000000000,0,1,NA,NA,NA,0,3.778323,3.778323,52,4,1,4,1,0,1,Mimosoid
Acacia_koa,Acacia,85081230499,16858731371,2,1,NA,NA,NA,0,20.26898313,20.26898313,26,2,0,2,0,0,0,Mimosoid
Acacia_leiocalyx,Acacia,0,2530000000000,0,1,NA,NA,NA,0,25.79163463,-25.79163463,26,2,0,2,0,0,0,Mimosoid
Acacia_leucoclada,Acacia,0,2530000000000,0,1,NA,NA,NA,0,25.79163463,-25.79163463,26,2,0,2,0,0,0,Mimosoid
Acacia_ligulata,Acacia,0,7620000000000,0,1,NA,NA,NA,1,25.55398159,-25.55398159,26,2,0,2,0,0,0,Mimosoid
Acacia_longifolia,Acacia,20500000000000,3810000000000,20,1,NA,NA,NA,1,34.81475557,-34.81475557,26,2,0,2,0,0,0,Mimosoid
Acacia_mearnsii,Acacia,17800000000000,6750000000000,34,1,NA,1,1,5,25.13916559,-25.13916559,26,2,0,2,0,0,0,Mimosoid
Acacia_melanoxylon,Acacia,17100000000000,6340000000000,26,1,NA,1,1,4,34.37437305,-34.37437305,26,2,0,2,0,0,0,Mimosoid
Acacia_modesta,Acacia,0,5440000000000,0,1,NA,NA,NA,3,22.67013251,22.67013251,26,2,0,2,0,0,0,Mimosoid
Acacia_nigrescens,Acacia,0,7060000000000,0,1,NA,NA,NA,0,20.7672165,-20.7672165,26,2,0,2,0,0,0,Mimosoid
Acacia_nilotica,Acacia,4860000000000,30700000000000,21,1,NA,NA,NA,6,17.54782283,17.54782283,52,4,1,4,1,0,1,Mimosoid
Acacia_notabilis,Acacia,189000000000,2010000000000,1,1,NA,NA,NA,0,31.74043124,-31.74043124,26,2,0,2,0,0,0,Mimosoid
Acacia_papyrocarpa,Acacia,0,3510000000000,0,1,NA,NA,NA,0,26.80243548,-26.80243548,38,3,1,3,1,0,1,Mimosoid
Acacia_paradoxa,Acacia,4290000000000,6270000000000,8,1,NA,NA,NA,2,26.80596132,-26.80596132,26,2,0,2,0,0,0,Mimosoid
Acacia_podalyriifolia,Acacia,22600000000000,6170000000000,13,1,NA,NA,NA,1,11.17061857,-11.17061857,26,2,0,2,0,0,0,Mimosoid
Acacia_polyacantha,Acacia,25819574428,22900000000000,8,1,NA,NA,NA,2,7.27375193,7.27375193,26,2,0,2,0,0,0,Mimosoid
Acacia_pubescens,Acacia,0,802000000000,0,1,NA,NA,NA,1,32.17021086,-32.17021086,26,2,0,2,0,0,0,Mimosoid
Acacia_pulchella,Acacia,398000000000,2530000000000,3,1,NA,NA,NA,1,25.46607155,-25.46607155,26,2,0,2,0,0,0,Mimosoid
Acacia_rehmanniana,Acacia,0,4390000000000,0,1,NA,NA,NA,0,21.60644316,-21.60644316,52,4,1,4,1,0,1,Mimosoid
Acacia_saligna,Acacia,20300000000000,6270000000000,21,1,NA,3,0,6,26.80241625,-26.80241625,26,2,0,2,0,0,0,Mimosoid
Acacia_senegal,Acacia,9430000000000,27200000000000,3,1,NA,NA,NA,7,12.45705244,12.45705244,26,2,0,2,0,0,0,Mimosoid
Acacia_seyal,Acacia,3610000000000,17900000000000,3,1,NA,NA,NA,5,16.45877917,16.45877917,104,8,1,8,1,0,1,Mimosoid
Acacia_spectabilis,Acacia,2410000000000,2660000000000,2,1,NA,NA,NA,1,16.5401345,-16.5401345,26,2,0,2,0,0,0,Mimosoid
Acacia_spinescens,Acacia,189000000000,1210000000000,1,1,NA,NA,NA,0,31.4539516,-31.4539516,26,2,0,2,0,0,0,Mimosoid
Acacia_suaveolens,Acacia,2120000000000,3940000000000,1,1,NA,NA,NA,1,25.63938184,-25.63938184,26,2,0,2,0,0,0,Mimosoid
Acacia_terminalis,Acacia,319000000000,1100000000000,1,1,NA,NA,NA,1,37.59703205,-37.59703205,26,2,0,2,0,0,0,Mimosoid
Acacia_tetragonophylla,Acacia,0,7390000000000,0,1,NA,NA,NA,2,25.1628483,-25.1628483,26,2,0,2,0,0,0,Mimosoid
Acacia_tortilis,Acacia,3350000000000,25200000000000,4,1,NA,NA,NA,7,7.84844836,7.84844836,78,6,1,6,1,0,1,Mimosoid
Acacia_triptera,Acacia,0,2760000000000,0,1,NA,NA,NA,0,26.80239184,-26.80239184,26,2,0,2,0,0,0,Mimosoid
Acacia_verticillata,Acacia,2280000000000,2080000000000,6,1,NA,NA,NA,1,36.84160801,-36.84160801,26,2,0,2,0,0,0,Mimosoid
Acacia_victoriae,Acacia,0,7620000000000,0,1,NA,NA,NA,3,25.55398159,-25.55398159,26,2,0,2,0,0,0,Mimosoid
Acacia_xanthophloea,Acacia,0,6140000000000,0,1,NA,NA,NA,0,11.66992496,-11.66992496,52,4,1,4,1,0,1,Mimosoid
Acmispon_brachycarpus,Acmispon,0,1990000000000,0,1,NA,NA,NA,0,38.7071346,38.7071346,12,NA,NA,1,0,1,0,Papilionoideae
Acmispon_parviflorus,Acmispon,0,1120000000000,0,1,NA,NA,NA,0,41.08761401,41.08761401,14,NA,NA,1,0,1,0,Papilionoideae
Acmispon_wrangelianus,Acmispon,0,2620000000000,0,1,NA,NA,NA,0,31.95131923,31.95131923,14,NA,NA,1,0,1,0,Papilionoideae
Acrocarpus_fraxinifolius,Acrocarpus,6430000000000,8760000000000,5,0,NA,NA,NA,2,17.36499145,17.36499145,24,NA,NA,3,1,0,1,Caesalpinioideae
Adenocarpus_complicatus,Adenocarpus,0,5190000000000,0,1,NA,NA,NA,1,36.55830366,36.55830366,52,4,1,5,1,0,1,Papilionoideae
Adenocarpus_decorticans,Adenocarpus,0,3210000000000,0,1,NA,NA,NA,1,34.56156123,34.56156123,52,4,1,5,1,0,1,Papilionoideae
Adenocarpus_foliolosus,Adenocarpus,0,7521101648,0,1,NA,NA,NA,1,28.33813027,28.33813027,52,4,1,5,1,0,1,Papilionoideae
Aeschynomene_afraspera,Aeschynomene,0,16400000000000,0,1,NA,1,1,1,0.82786884,-0.82786884,80,8,1,8,1,1,1,Papilionoideae
Aeschynomene_americana,Aeschynomene,13200000000000,26300000000000,24,1,NA,1,1,4,6.39935826,6.39935826,20,2,0,2,0,0,0,Papilionoideae
Aeschynomene_ciliata,Aeschynomene,0,8600000000000,0,1,NA,1,1,0,1.03371626,1.03371626,22,2,0,2,0,0,0,Papilionoideae
Aeschynomene_falcata,Aeschynomene,1140000000000,NA,1,1,NA,NA,NA,0,NA,NA,20,2,0,2,0,1,0,Papilionoideae
Aeschynomene_indica,Aeschynomene,57468988959,46400000000000,8,1,NA,1,1,8,11.15298163,11.15298163,40,4,1,4,1,0,1,Papilionoideae
Aeschynomene_pratensis,Aeschynomene,0,NA,0,1,NA,NA,NA,0,NA,NA,20,2,0,2,0,0,0,Papilionoideae
Aeschynomene_rudis,Aeschynomene,1700000000000,128000000000,3,1,NA,1,1,0,12.839712,12.839712,40,4,1,4,1,0,1,Papilionoideae
Aeschynomene_schimperi,Aeschynomene,0,13000000000000,0,1,NA,NA,NA,0,7.96008943,7.96008943,20,2,0,2,0,0,0,Papilionoideae
Aeschynomene_sensitiva,Aeschynomene,3779766802,17400000000000,2,1,NA,1,1,0,0.91210461,0.91210461,20,2,0,2,0,0,0,Papilionoideae
Aeschynomene_virginica,Aeschynomene,0,776000000000,0,1,NA,NA,NA,0,35.02338879,35.02338879,40,4,1,4,1,1,1,Papilionoideae
Albizia_guachapele,Albizia,808000000000,4310000000000,2,1,NA,NA,NA,1,6.25866759,6.25866759,26,2,0,2,0,0,0,Mimosoid
Albizia_julibrissin,Albizia,30400000000000,17300000000000,19,1,NA,NA,NA,5,27.01483409,27.01483409,26,2,0,2,0,0,0,Mimosoid
Albizia_kalkora,Albizia,0,8990000000000,0,1,NA,NA,NA,0,30.47597992,30.47597992,26,2,0,2,0,0,0,Mimosoid
Albizia_lebbeck,Albizia,46600000000000,9600000000000,55,1,NA,NA,NA,9,11.73152247,11.73152247,26,2,0,2,0,0,0,Mimosoid
Albizia_lebbekoides,Albizia,0,5160000000000,0,1,NA,NA,NA,5,1.29421849,-1.29421849,26,2,0,2,0,0,0,Mimosoid
Albizia_procera,Albizia,16400000000000,11800000000000,14,1,NA,NA,NA,5,8.77720443,8.77720443,26,2,0,2,0,0,0,Mimosoid
Alhagi_sparsifolia,Alhagi,0,9350000000000,0,1,NA,1,1,3,43.35612615,43.35612615,16,2,0,2,0,0,0,Papilionoideae
Amburana_cearensis,Amburana,0,NA,0,0,NA,NA,NA,0,NA,NA,22,2,0,2,0,0,0,Papilionoideae
Amicia_zygomeris,Amicia,0,NA,0,1,NA,NA,NA,0,NA,NA,38,NA,NA,4,1,0.123931624,1,Papilionoideae
Ammopiptanthus_mongolicus,Ammopiptanthus,0,3200000000000,0,1,NA,4,0,0,42.77144618,42.77144618,18,2,0,2,0,0,0,Papilionoideae
Amorpha_californica,Amorpha,0,768000000000,0,1,NA,NA,NA,0,27.58193304,27.58193304,20,2,0,2,0,0,0,Papilionoideae
Amorpha_canescens,Amorpha,0,17300000000000,0,1,NA,NA,NA,0,54.20867293,54.20867293,20,2,0,2,0,0,1,Papilionoideae
Amorpha_fruticosa,Amorpha,24000000000000,18100000000000,24,1,NA,2,0,1,34.25752634,34.25752634,40,4,1,4,1,0,1,Papilionoideae
Amphicarpaea_bracteata,Amphicarpaea,0,19100000000000,0,1,NA,1,1,0,40.19097826,40.19097826,22,2,0,2,0,0,0,Papilionoideae
Amphithalea_ericifolia,Amphithalea,0,2670000000000,0,1,NA,NA,NA,0,25.48651667,-25.48651667,18,NA,NA,2,0,0,0,Papilionoideae
Amphithalea_intermedia,Amphithalea,0,2670000000000,0,1,NA,NA,NA,0,25.48651667,-25.48651667,18,NA,NA,2,0,0,0,Papilionoideae
Anadenanthera_colubrina,Anadenanthera,2055545262,NA,1,1,NA,NA,NA,0,NA,NA,26,NA,NA,2,0,0,0,Mimosoid
Andira_inermis,Andira,2840000000000,22800000000000,6,1,NA,NA,NA,6,9.47607629,9.47607629,20,2,0,2,0,0,0,Papilionoideae
Anthyllis_cornicina,Anthyllis,0,985000000000,0,1,NA,NA,NA,0,36.08495238,36.08495238,13,2,0,1,0,1,0,Papilionoideae
Anthyllis_lotoides,Anthyllis,0,403000000000,0,1,NA,NA,NA,0,31.88356133,31.88356133,14,2,0,1,0,0.166666667,0,Papilionoideae
Anthyllis_montana,Anthyllis,0,4480000000000,0,1,NA,NA,NA,0,39.96671939,39.96671939,14,2,0,1,0,0,0,Papilionoideae
Anthyllis_vulneraria,Anthyllis,561000000000,22600000000000,2,1,7,NA,NA,3,42.22690675,42.22690675,12,2,0,2,0,0,0,Papilionoideae
Antopetitia_abyssinica,Antopetitia,0,8710000000000,0,1,NA,NA,NA,0,1.71495961,1.71495961,14,NA,NA,1,0,1,0,NA
Aotus_ericoides,Aotus,0,2830000000000,0,1,NA,NA,NA,1,34.37258831,-34.37258831,16,NA,NA,2,0,0,0,Papilionoideae
Apios_americana,Apios,1520000000000,17600000000000,2,1,NA,NA,NA,2,51.041909510000004,51.041909510000004,22,2,0,2,0,0,0,Papilionoideae
Apuleia_leiocarpa,Apuleia,0,14600000000000,0,0,NA,NA,NA,0,4.5631422,-4.5631422,28,NA,NA,4,1,0,0,Dialioideae
Arachis_hypogaea,Arachis,63700000000000,12000000000000,67,1,NA,2,0,7,5.36188821,-5.36188821,40,4,1,4,1,1,1,Papilionoideae
Argyrolobium_zanonii,Argyrolobium,0,4570000000000,0,1,NA,NA,NA,0,39.95072343,39.95072343,48,4,1,5,1,0,1,Papilionoideae
Aspalathus_cephalotes,Aspalathus,0,2670000000000,0,1,NA,NA,NA,0,25.48651667,-25.48651667,18,3,1,2,0,0,0,Papilionoideae
Aspalathus_pachyloba,Aspalathus,0,2670000000000,0,1,NA,NA,NA,0,25.48651667,-25.48651667,18,3,1,2,0,0,0,Papilionoideae
Aspalathus_recurva,Aspalathus,0,2670000000000,0,1,NA,NA,NA,0,25.48651667,-25.48651667,18,3,1,2,0,0,0,Papilionoideae
Astragalus_adsurgens,Astragalus,0,43400000000000,0,1,NA,NA,NA,3,50.50480983,50.50480983,32,4,1,3,1,0,1,Papilionoideae
Astragalus_allochrous,Astragalus,0,1700000000000,0,1,NA,NA,NA,0,33.95816113,33.95816113,22,3,1,2,0,0,0,Papilionoideae
Astragalus_americanus,Astragalus,0,1100000000000,0,1,NA,NA,NA,0,43.82268732,43.82268732,16,2,0,2,0,0,0,Papilionoideae
Astragalus_atropilosulus,Astragalus,0,12800000000000,0,1,NA,NA,NA,0,2.61975671,-2.61975671,16,2,0,2,0,0,0,Papilionoideae
Astragalus_boeticus,Astragalus,0,10000000000000,0,1,NA,NA,NA,1,36.63369143,36.63369143,30,4,1,3,1,1,1,Papilionoideae
Astragalus_canadensis,Astragalus,0,22100000000000,0,1,NA,NA,NA,0,50.8111516,50.8111516,16,2,0,2,0,0,0,Papilionoideae
Astragalus_cicer,Astragalus,2750000000000,15700000000000,6,1,NA,NA,NA,3,48.64765782,48.64765782,64,8,1,6,1,0,1,Papilionoideae
Astragalus_corrugatus,Astragalus,0,11700000000000,0,1,NA,NA,NA,2,37.51944817,37.51944817,32,4,1,3,1,0,1,Papilionoideae
Astragalus_epiglottis,Astragalus,0,7130000000000,0,1,NA,NA,NA,0,36.77551761,36.77551761,16,2,0,2,0,1,0,Papilionoideae
Astragalus_eucosmus,Astragalus,0,1540000000000,0,1,NA,NA,NA,0,43.14909047,43.14909047,24,3,1,2,0,0,0,Papilionoideae
Astragalus_frigidus,Astragalus,0,5090000000000,0,1,NA,NA,NA,0,45.42187024,45.42187024,16,2,0,2,0,0,0,Papilionoideae
Astragalus_miser,Astragalus,0,2320000000000,0,1,NA,NA,NA,0,42.08428343,42.08428343,22,3,1,2,0,0,0,Papilionoideae
Astragalus_mollissimus,Astragalus,0,2120000000000,0,1,NA,NA,NA,0,36.49303904,36.49303904,24,3,1,2,0,0,0,Papilionoideae
Astragalus_neglectus,Astragalus,0,9220000000000,0,1,NA,NA,NA,0,42.53155377,42.53155377,22,3,1,2,0,0,0,Papilionoideae
Astragalus_nothoxys,Astragalus,0,609000000000,0,1,NA,NA,NA,0,34.36209004,34.36209004,28,4,1,3,1,0,1,Papilionoideae
Astragalus_odoratus,Astragalus,231000000000,6070000000000,1,1,NA,NA,NA,0,40.88179525,40.88179525,16,2,0,2,0,0,0,Papilionoideae
Astragalus_pehuenches,Astragalus,0,NA,0,1,NA,NA,NA,0,NA,NA,22,3,1,2,0,0.171641791,0,Papilionoideae
Astragalus_scaberrimus,Astragalus,0,12500000000000,0,1,NA,2,0,1,47.07382447,47.07382447,16,2,0,2,0,0,0,Papilionoideae
Astragalus_sinicus,Astragalus,0,3440000000000,0,1,NA,NA,NA,1,26.06009224,26.06009224,16,2,0,2,0,0,0,Papilionoideae
Astragalus_spatulatus,Astragalus,0,1920000000000,0,1,NA,NA,NA,0,43.54344311,43.54344311,24,3,1,2,0,0,0,Papilionoideae
Astragalus_stevenianus,Astragalus,0,12500000000000,0,1,NA,NA,NA,2,49.97005713,49.97005713,24,3,1,2,0,0,0,Papilionoideae
Astragalus_tenellus,Astragalus,0,2750000000000,0,1,NA,NA,NA,0,42.43797609,42.43797609,16,2,0,2,0,0,0,Papilionoideae
Astragalus_tribuloides,Astragalus,0,12800000000000,0,1,NA,NA,NA,2,38.23611007,38.23611007,16,2,0,2,0,1,0,Papilionoideae
Astragalus_uliginosus,Astragalus,0,18400000000000,0,1,NA,NA,NA,3,52.28284247,52.28284247,16,2,0,2,0,0,0,Papilionoideae
Astragalus_umbellatus,Astragalus,0,12200000000000,0,1,NA,NA,NA,1,58.41555631,58.41555631,16,2,0,2,0,0,0,Papilionoideae
Baphia_massaiensis,Baphia,0,10500000000000,0,1,NA,NA,NA,0,18.57377333,-18.57377333,46,4,1,4,1,0,1,Papilionoideae
Baptisia_alba,Baptisia,0,17600000000000,0,1,NA,NA,NA,0,53.69006494,53.69006494,18,1,0,2,0,0,0,Papilionoideae
Baptisia_australis,Baptisia,13600000000000,10900000000000,2,1,NA,NA,NA,0,38.25573071,38.25573071,18,1,0,2,0,0,0,Papilionoideae
Baptisia_bracteata,Baptisia,0,3470000000000,0,1,NA,NA,NA,0,37.69622659,37.69622659,18,1,0,2,0,0,0,Papilionoideae
Baptisia_tinctoria,Baptisia,0,11100000000000,0,1,NA,NA,NA,0,43.10744572,43.10744572,18,1,0,2,0,0,0,Papilionoideae
Bauhinia_forficata,Bauhinia,776198018.1,14000000000000,1,0,NA,NA,NA,0,15.98959109,-15.98959109,28,2,0,4,1,0,1,Cercidoideae
Bauhinia_galpinii,Bauhinia,4960000000000,3860000000000,15,0,NA,NA,NA,1,21.72947512,-21.72947512,28,2,0,4,1,0,1,Cercidoideae
Bauhinia_monandra,Bauhinia,9760000000000,593000000000,15,0,NA,NA,NA,1,19.37352737,-19.37352737,28,2,0,4,1,0,1,Cercidoideae
Bauhinia_petersiana,Bauhinia,82436185963,10600000000000,1,0,NA,NA,NA,0,18.58533779,-18.58533779,26,2,0,4,1,0,1,Cercidoideae
Bauhinia_purpurea,Bauhinia,22300000000000,17100000000000,29,0,NA,NA,NA,9,22.93860321,22.93860321,28,2,0,4,1,0,1,Cercidoideae
Bauhinia_rufescens,Bauhinia,2880000000000,9900000000000,4,0,NA,NA,NA,6,14.34085223,14.34085223,23,2,0,3,1,0,1,Cercidoideae
Bauhinia_ungulata,Bauhinia,328505238.2,10700000000000,1,0,NA,NA,NA,0,7.8624843,-7.8624843,28,2,0,4,1,0,1,Cercidoideae
Bauhinia_vahlii,Bauhinia,2400000000000,6280000000000,3,1,NA,NA,NA,5,26.1027335,26.1027335,28,2,0,4,1,0,1,Cercidoideae
Bauhinia_variegata,Bauhinia,25700000000000,14800000000000,27,0,NA,NA,NA,6,24.00862671,24.00862671,28,2,0,4,1,0,1,Cercidoideae
Bituminaria_bituminosa,Bituminaria,132000000000,7970000000000,2,1,NA,NA,NA,2,37.79856088,37.79856088,20,NA,NA,2,0,0,0,Papilionoideae
Bobgunnia_madagascariensis,Bobgunnia,147000000000,15500000000000,1,1,NA,NA,NA,3,8.00369318,-8.00369318,16,NA,NA,2,0,0,0,Papilionoideae
Bolusanthus_speciosus,Bolusanthus,3680000000000,5310000000000,5,1,NA,NA,NA,3,21.46859611,-21.46859611,16,1,0,2,0,0,0,Papilionoideae
Bossiaea_linophylla,Bossiaea,0,2530000000000,0,1,NA,NA,NA,1,25.46607155,-25.46607155,18,2,0,2,0,0,0,Papilionoideae
Bowdichia_virgilioides,Bowdichia,0,11300000000000,0,1,NA,NA,NA,0,5.92922206,-5.92922206,18,NA,NA,2,0,0,0,Papilionoideae
Brya_ebenus,Brya,430000000000,121000000000,4,1,NA,NA,NA,2,19.88572709,19.88572709,20,2,0,2,0,0,0,Papilionoideae
Cadia_purpurea,Cadia,0,5320000000000,0,1,NA,NA,NA,0,14.84365695,14.84365695,18,NA,NA,2,0,0,0,Papilionoideae
Caesalpinia_bonduc,Caesalpinia,5220000000000,30000000000000,5,0,NA,NA,NA,4,6.28062328,6.28062328,24,2,0,3,1,0,1,Caesalpinioideae
Caesalpinia_decapetala,Caesalpinia,18400000000000,15500000000000,14,0,NA,NA,NA,5,16.79714169,16.79714169,22,2,0,3,1,0,1,Caesalpinioideae
Caesalpinia_echinata,Caesalpinia,0,8470000000000,0,0,NA,NA,NA,0,10.77227947,-10.77227947,24,2,0,3,1,0,1,Caesalpinioideae
Caesalpinia_paraguariensis,Caesalpinia,0,4270000000000,0,0,NA,NA,NA,1,26.94705186,-26.94705186,24,2,0,3,1,0,1,Caesalpinioideae
Caesalpinia_pluviosa,Caesalpinia,0,8470000000000,0,0,NA,NA,NA,0,10.77227947,-10.77227947,24,2,0,3,1,0,1,Caesalpinioideae
Caesalpinia_sappan,Caesalpinia,18300000000000,8040000000000,20,0,NA,NA,NA,6,9.46014365,9.46014365,24,2,0,3,1,0,1,Caesalpinioideae
Caesalpinia_spinosa,Caesalpinia,5920000000000,5910000000000,7,0,NA,NA,NA,2,10.26825706,-10.26825706,24,2,0,3,1,0,1,Caesalpinioideae
Cajanus_cajan,Cajanus,46000000000000,6610000000000,67,1,NA,1,1,8,12.78552409,12.78552409,22,2,0,2,0,0,0,Papilionoideae
Cajanus_lineatus,Cajanus,0,741000000000,0,1,NA,NA,NA,1,11.81041171,11.81041171,22,2,0,2,0,0,0,Papilionoideae
Calliandra_eriophylla,Calliandra,0,3660000000000,0,1,NA,NA,NA,0,28.95454198,28.95454198,16,2,0,1,0,0,0,Mimosoid
Calliandra_houstoniana,Calliandra,2180000000000,2870000000000,7,1,NA,NA,NA,2,14.78757483,14.78757483,19,2,0,1,0,0,0,Mimosoid
Calpurnia_aurea,Calpurnia,2190000000000,18300000000000,2,1,NA,NA,NA,1,6.87526861,6.87526861,18,2,0,2,0,0,0,Papilionoideae
Camptosema_rubicundum,Camptosema,746000000000,11800000000000,1,1,NA,NA,NA,0,24.58551684,-24.58551684,22,2,0,2,0,0,0,Papilionoideae
Campylotropis_macrocarpa,Campylotropis,0,5120000000000,0,1,NA,NA,NA,0,29.27761405,29.27761405,22,NA,NA,2,0,0,0,Papilionoideae
Canavalia_brasiliensis,Canavalia,147000000000,17700000000000,1,1,NA,NA,NA,0,11.04797933,11.04797933,22,2,0,2,0,0,0,Papilionoideae
Canavalia_cathartica,Canavalia,16858731371,20500000000000,1,1,NA,NA,NA,2,0.20727858,-0.20727858,22,2,0,2,0,0,0,Papilionoideae
Canavalia_gladiata,Canavalia,27400000000000,9060000000000,26,1,NA,NA,NA,5,15.36986344,15.36986344,22,2,0,2,0,0,0,Papilionoideae
Canavalia_rosea,Canavalia,252721684.5,53000000000000,1,1,NA,1,1,5,4.95202097,4.95202097,22,2,0,2,0,0,0,Papilionoideae
Caragana_erinacea,Caragana,0,3610000000000,0,1,NA,2,0,1,36.88903646,36.88903646,16,2,0,2,0,0,0,Papilionoideae
Caragana_korshinskii,Caragana,0,3400000000000,0,1,NA,NA,NA,0,42.50806299,42.50806299,16,2,0,2,0,0,0,Papilionoideae
Caragana_microphylla,Caragana,1320000000000,8010000000000,3,1,NA,1,1,3,48.83800956,48.83800956,16,2,0,2,0,0,0,Papilionoideae
Carmichaelia_arborea,Carmichaelia,0,153000000000,0,1,NA,NA,NA,0,44.02210596,-44.02210596,32,2,0,3,1,0,1,Papilionoideae
Carmichaelia_kirkii,Carmichaelia,0,153000000000,0,1,NA,NA,NA,0,44.02210596,-44.02210596,32,2,0,3,1,0,1,Papilionoideae
Cassia_fistula,Cassia,39000000000000,10200000000000,47,0,NA,NA,NA,7,10.68922491,10.68922491,28,4,1,4,1,0,1,Caesalpinioideae
Cassia_grandis,Cassia,9330000000000,12700000000000,17,0,NA,NA,NA,4,2.34618617,2.34618617,28,4,1,4,1,0,1,Caesalpinioideae
Castanospermum_australe,Castanospermum,8870000000000,2690000000000,15,0,NA,NA,NA,5,17.64425932,-17.64425932,26,2,0,2,0,0,0,Papilionoideae
Centrolobium_paraense,Centrolobium,1140000000000,2640000000000,4,1,28,1,1,0,4.21552165,4.21552165,20,2,0,2,0,0,0,Papilionoideae
Centrolobium_tomentosum,Centrolobium,0,2080000000000,0,1,NA,NA,NA,0,1.04259791,1.04259791,18,2,0,2,0,0,0,Papilionoideae
Centrosema_pubescens,Centrosema,25100000000000,21100000000000,31,1,NA,1,1,3,2.2174588,2.2174588,20,2,0,2,0,0,0,Papilionoideae
Centrosema_virginianum,Centrosema,554000000000,11000000000000,5,1,NA,NA,NA,2,9.70656574,9.70656574,18,2,0,2,0,0,0,Papilionoideae
Cercis_canadensis,Cercis,3650000000000,14300000000000,5,0,NA,NA,NA,3,34.08439623,34.08439623,12,NA,NA,2,0,0,0,Cercidoideae
Cercis_siliquastrum,Cercis,15000000000000,5140000000000,21,0,NA,NA,NA,4,39.40398144,39.40398144,14,NA,NA,2,0,0,0,Cercidoideae
Chadsia_grevei,Chadsia,0,593000000000,0,1,NA,NA,NA,2,19.37352737,-19.37352737,22,NA,NA,2,0,0,0,Papilionoideae
Chamaecrista_fasciculata,Chamaecrista,2055545262,12200000000000,1,1,NA,NA,NA,0,38.59928601,38.59928601,16,NA,NA,2,0,1,0,Caesalpinioideae
Chamaecrista_nictitans,Chamaecrista,2160000000000,13700000000000,5,1,NA,NA,NA,1,15.47217365,15.47217365,32,NA,NA,5,1,0,1,Caesalpinioideae
Chorizema_cordatum,Chorizema,0,2530000000000,0,1,NA,NA,NA,0,25.46607155,-25.46607155,16,NA,NA,2,0,0,0,Papilionoideae
Cicer_arietinum,Cicer,74100000000000,7460000000000,48,1,NA,1,1,6,21.96767801,21.96767801,16,2,0,2,0,1,0,Papilionoideae
Cicer_echinospermum,Cicer,0,1190000000000,0,1,NA,NA,NA,1,36.91611149,36.91611149,16,2,0,2,0,1,0,Papilionoideae
Cicer_pinnatifidum,Cicer,0,1400000000000,0,1,NA,NA,NA,1,35.84304725,35.84304725,16,2,0,2,0,1,0,Papilionoideae
Cicer_reticulatum,Cicer,0,756000000000,0,1,NA,NA,NA,0,38.98893748,38.98893748,16,2,0,2,0,1,0,Papilionoideae
Clianthus_puniceus,Clianthus,361000000000,115000000000,2,1,NA,1,1,1,38.57756132,-38.57756132,32,2,0,3,1,0,1,Papilionoideae
Colutea_arborescens,Colutea,11700000000000,2670000000000,16,1,NA,3,0,1,41.85513442,41.85513442,16,2,0,2,0,0,0,Papilionoideae
Colvillea_racemosa,Colvillea,3680000000000,593000000000,12,0,NA,NA,NA,2,19.37352737,-19.37352737,27,NA,NA,4,1,0,1,Caesalpinioideae
Copaifera_langsdorffii,Copaifera,0,6130000000000,0,0,NA,NA,NA,0,16.73553387,-16.73553387,24,NA,NA,3,1,0,0,Detarioideae
Copaifera_officinalis,Copaifera,379000000000,3050000000000,5,0,NA,NA,NA,5,5.62116566,5.62116566,24,NA,NA,3,1,0,1,Detarioideae
Coronilla_coronata,Coronilla,0,9850000000000,0,1,NA,NA,NA,3,43.56715216,43.56715216,12,2,0,1,0,0,0,Papilionoideae
Coronilla_juncea,Coronilla,0,4630000000000,0,1,NA,NA,NA,0,39.12613704,39.12613704,12,2,0,1,0,0,0,Papilionoideae
Coronilla_minima,Coronilla,0,4290000000000,0,1,NA,NA,NA,0,36.32295421,36.32295421,24,4,1,2,0,0,0,Papilionoideae
Coronilla_repanda,Coronilla,0,5540000000000,0,1,NA,NA,NA,0,35.66804786,35.66804786,24,4,1,2,0,1,0,Papilionoideae
Coronilla_scorpioides,Coronilla,7940000000000,23700000000000,1,1,NA,NA,NA,4,41.75047739,41.75047739,12,2,0,1,0,1,0,Papilionoideae
Coronilla_vaginalis,Coronilla,0,1650000000000,0,1,NA,NA,NA,0,44.97894097,44.97894097,12,2,0,1,0,0,0,Papilionoideae
Crotalaria_assamica,Crotalaria,0,6190000000000,0,1,NA,NA,NA,2,20.88899351,20.88899351,16,2,0,2,0,0,0,Papilionoideae
Crotalaria_atrorubens,Crotalaria,0,8030000000000,0,1,NA,NA,NA,0,11.12052421,11.12052421,16,2,0,2,0,1,0,Papilionoideae
Crotalaria_calycina,Crotalaria,0,37900000000000,0,1,NA,NA,NA,2,8.58280147,8.58280147,16,2,0,2,0,1,0,Papilionoideae
Crotalaria_capensis,Crotalaria,848000000000,3980000000000,5,1,NA,NA,NA,1,21.51923206,-21.51923206,14,2,0,1,0,0,0,Papilionoideae
Crotalaria_comosa,Crotalaria,0,14500000000000,0,1,NA,1,1,0,8.26275908,8.26275908,16,2,0,2,0,1,0,Papilionoideae
Crotalaria_glaucoides,Crotalaria,0,1480000000000,0,1,NA,NA,NA,0,16.841506,16.841506,16,2,0,2,0,1,0,Papilionoideae
Crotalaria_goreensis,Crotalaria,21000000000000,19200000000000,8,1,NA,NA,NA,3,1.07734205,1.07734205,16,2,0,2,0,0,0,Papilionoideae
Crotalaria_incana,Crotalaria,14300000000000,2930000000000,20,1,NA,NA,NA,4,13.62616928,13.62616928,14,2,0,1,0,0,0,Papilionoideae
Crotalaria_lanceolata,Crotalaria,2080000000000,10800000000000,4,1,NA,NA,NA,0,12.23774936,12.23774936,16,2,0,2,0,1,0,Papilionoideae
Crotalaria_ochroleuca,Crotalaria,12600000000000,19600000000000,9,1,NA,NA,NA,0,2.46809908,2.46809908,16,2,0,2,0,0,0,Papilionoideae
Crotalaria_pallida,Crotalaria,17300000000000,34800000000000,37,1,NA,3,0,7,12.53796268,12.53796268,16,2,0,2,0,0,0,Papilionoideae
Crotalaria_podocarpa,Crotalaria,0,17700000000000,0,1,NA,1,1,0,11.21861723,-11.21861723,16,2,0,2,0,1,0,Papilionoideae
Crotalaria_senegalensis,Crotalaria,342000000000,20500000000000,1,1,NA,NA,NA,0,7.09224006,7.09224006,16,2,0,2,0,1,0,Papilionoideae
Crotalaria_sphaerocarpa,Crotalaria,0,16300000000000,0,1,NA,NA,NA,0,14.03089939,-14.03089939,16,2,0,2,0,1,0,Papilionoideae
Crotalaria_trichotoma,Crotalaria,9410000000000,2920000000000,32,1,NA,NA,NA,3,4.85462577,-4.85462577,16,2,0,2,0,0,0,Papilionoideae
Cyamopsis_serrata,Cyamopsis,0,4050000000000,0,1,NA,NA,NA,0,23.84985133,-23.84985133,14,2,0,1,0,1,0,Papilionoideae
Cyamopsis_tetragonoloba,Cyamopsis,15800000000000,131000000000,18,1,NA,NA,NA,6,7.28863437,-7.28863437,14,2,0,1,0,0,0,Papilionoideae
Cyclopia_maculata,Cyclopia,0,2670000000000,0,1,NA,1,1,1,25.48651667,-25.48651667,36,NA,NA,3,1,0,1,Papilionoideae
Cytisus_arboreus,Cytisus,0,2720000000000,0,1,NA,NA,NA,0,28.73118401,28.73118401,50,5,1,5,1,0,1,Papilionoideae
Cytisus_multiflorus,Cytisus,5840000000000,582000000000,8,1,NA,1,1,2,40.28634342,40.28634342,48,4,1,5,1,0,1,Papilionoideae
Cytisus_scoparius,Cytisus,31000000000000,6200000000000,27,1,28,1,1,9,47.697596,47.697596,46,4,1,4,1,0,1,Papilionoideae
Cytisus_striatus,Cytisus,1740000000000,985000000000,4,1,4,1,1,2,36.08495238,36.08495238,46,4,1,4,1,0,1,Papilionoideae
Cytisus_villosus,Cytisus,0,5380000000000,0,1,NA,1,1,0,39.43761371,39.43761371,48,4,1,5,1,0,1,Papilionoideae
Dalbergia_assamica,Dalbergia,582000000000,3960000000000,1,1,NA,NA,NA,1,22.46971874,22.46971874,20,2,0,2,0,0,0,Papilionoideae
Dalbergia_frutescens,Dalbergia,0,10500000000000,0,1,NA,NA,NA,0,9.28867515,-9.28867515,20,2,0,2,0,0,0,Papilionoideae
Dalbergia_melanoxylon,Dalbergia,1060000000000,21800000000000,4,1,NA,NA,NA,1,2.84434797,2.84434797,20,2,0,2,0,0,0,Papilionoideae
Dalbergia_miscolobium,Dalbergia,0,3570000000000,0,1,NA,NA,NA,1,0.0900924,-0.0900924,20,2,0,2,0,0,0,Papilionoideae
Dalbergia_monetaria,Dalbergia,0,8950000000000,0,1,NA,NA,NA,0,8.93837106,8.93837106,20,2,0,2,0,0,0,Papilionoideae
Dalbergia_nigra,Dalbergia,0,1480000000000,0,1,NA,NA,NA,3,18.27126198,-18.27126198,20,2,0,2,0,0,0,Papilionoideae
Dalbergia_sissoo,Dalbergia,16600000000000,11000000000000,14,1,NA,NA,NA,5,18.61983451,18.61983451,20,2,0,2,0,0,0,Papilionoideae
Dalea_candida,Dalea,0,2360000000000,0,1,NA,NA,NA,0,40.10070269,40.10070269,14,2,0,1,0,0,0,Papilionoideae
Dalea_leporina,Dalea,0,3310000000000,0,1,NA,NA,NA,0,25.86225468,25.86225468,14,2,0,1,0,1,0,Papilionoideae
Dalea_mollis,Dalea,0,702000000000,0,0,NA,NA,NA,0,36.03278011,36.03278011,16,2,0,2,0,1,0,Papilionoideae
Dalea_mollissima,Dalea,0,989000000000,0,1,NA,NA,NA,0,37.02692903,37.02692903,16,2,0,2,0,1,0,Papilionoideae
Dalea_pogonathera,Dalea,0,1290000000000,0,1,NA,NA,NA,0,32.86823684,32.86823684,14,2,0,1,0,0,0,Papilionoideae
Dalea_purpurea,Dalea,0,4570000000000,0,1,NA,2,0,0,39.31050305,39.31050305,14,2,0,1,0,0,0,Papilionoideae
Daviesia_acicularis,Daviesia,0,2530000000000,0,1,NA,NA,NA,0,25.79163463,-25.79163463,18,NA,NA,2,0,0,0,Papilionoideae
Daviesia_corymbosa,Daviesia,0,802000000000,0,1,NA,NA,NA,0,32.17021086,-32.17021086,18,NA,NA,2,0,0,0,Papilionoideae
Daviesia_genistifolia,Daviesia,0,3740000000000,0,1,NA,NA,NA,0,27.68672637,-27.68672637,18,NA,NA,2,0,0,0,Papilionoideae
Daviesia_leptophylla,Daviesia,0,3740000000000,0,1,NA,NA,NA,0,27.68672637,-27.68672637,18,NA,NA,2,0,0,0,Papilionoideae
Daviesia_ulicifolia,Daviesia,0,6340000000000,0,1,NA,NA,NA,0,34.37260051,-34.37260051,18,NA,NA,2,0,0,0,Papilionoideae
Delonix_elata,Delonix,7910000000000,12300000000000,12,0,NA,NA,NA,5,15.13959719,15.13959719,28,NA,NA,4,1,0,1,Caesalpinioideae
Derris_elliptica,Derris,3240000000000,9740000000000,11,1,NA,NA,NA,2,12.58703429,12.58703429,22,2,0,2,0,0,0,Papilionoideae
Desmanthus_illinoensis,Desmanthus,38271344951,4890000000000,2,1,NA,1,1,1,37.70964374,37.70964374,28,NA,NA,2,0,0,0,Mimosoid
Desmanthus_virgatus,Desmanthus,14200000000000,7270000000000,29,1,NA,1,1,4,3.88421519,3.88421519,28,NA,NA,2,0,0,0,Mimosoid
Desmodium_barbatum,Desmodium,0,18500000000000,0,1,NA,NA,NA,2,0.11577346,-0.11577346,22,2,0,2,0,0,0,Papilionoideae
Desmodium_cuspidatum,Desmodium,0,1060000000000,0,1,NA,NA,NA,0,36.86744811,36.86744811,22,2,0,2,0,0,0,Papilionoideae
Desmodium_elegans,Desmodium,231000000000,5760000000000,1,1,NA,2,0,1,27.40509156,27.40509156,22,2,0,2,0,0,0,Papilionoideae
Desmodium_gangeticum,Desmodium,23877630652,40500000000000,8,1,NA,1,1,4,8.72706435,8.72706435,22,2,0,2,0,0,0,Papilionoideae
Desmodium_glutinosum,Desmodium,0,17300000000000,0,1,NA,NA,NA,0,45.49505463,45.49505463,22,2,0,2,0,0,0,Papilionoideae
Desmodium_heterocarpon,Desmodium,1520000000000,18700000000000,6,1,NA,NA,NA,0,12.71907338,12.71907338,22,2,0,2,0,0,0,Papilionoideae
Desmodium_microphyllum,Desmodium,0,17600000000000,0,1,NA,3,0,3,10.02566695,10.02566695,22,2,0,2,0,0,0,Papilionoideae
Desmodium_scorpiurus,Desmodium,9580000000000,651000000000,12,1,NA,NA,NA,1,1.778624,-1.778624,22,2,0,2,0,0,0,Papilionoideae
Desmodium_tortuosum,Desmodium,29200000000000,13400000000000,28,1,NA,NA,NA,4,13.2606484,13.2606484,22,2,0,2,0,0,0,Papilionoideae
Desmodium_uncinatum,Desmodium,7270000000000,691000000000,6,1,NA,NA,NA,1,3.81233789,3.81233789,22,2,0,2,0,0,0,Papilionoideae
Dichilus_lebeckioides,Dichilus,0,4460000000000,0,1,NA,NA,NA,0,24.52231448,-24.52231448,28,NA,NA,3,1,0,1,Papilionoideae
Dichilus_strictus,Dichilus,0,2700000000000,0,1,NA,NA,NA,0,27.53376098,-27.53376098,28,NA,NA,3,1,0,1,Papilionoideae
Dioclea_virgata,Dioclea,2550000000000,17400000000000,4,1,NA,NA,NA,1,3.21793533,3.21793533,22,2,0,2,0,0,0,Papilionoideae
Diphysa_americana,Diphysa,608000000000,620000000000,2,1,NA,NA,NA,0,14.96718777,14.96718777,16,2,0,2,0,0,0,Papilionoideae
Dipogon_lignosus,Dipogon,19500000000000,2670000000000,7,1,NA,1,1,1,25.48651667,-25.48651667,22,NA,NA,2,0,0,0,Papilionoideae
Dipteryx_odorata,Dipteryx,28916420.55,6950000000000,1,0,NA,NA,NA,7,2.86273331,-2.86273331,32,2,0,3,1,0,1,Papilionoideae
Distemonanthus_benthamianus,Distemonanthus,0,2450000000000,0,0,NA,NA,NA,3,7.61599512,7.61599512,24,NA,NA,3,1,0,1,Dialioideae
Dolichos_trilobus,Dolichos,0,32300000000000,0,1,NA,NA,NA,2,13.35202591,13.35202591,20,2,0,2,0,0,0,Papilionoideae
Dorycnium_pentaphyllum,Dorycnium,268000000000,6960000000000,2,1,NA,NA,NA,2,39.33877667,39.33877667,14,2,0,1,0,0,0,Papilionoideae
Dorycnium_rectum,Dorycnium,0,7190000000000,0,1,NA,NA,NA,1,37.65614101,37.65614101,14,2,0,1,0,0,0,Papilionoideae
Dumasia_villosa,Dumasia,0,24900000000000,0,1,NA,NA,NA,2,7.31191747,7.31191747,20,NA,NA,2,0,0,0,Papilionoideae
Ebenus_pinnata,Ebenus,0,4490000000000,0,1,NA,NA,NA,0,28.32858923,28.32858923,18,3,1,2,0,0,0,Papilionoideae
Entada_abyssinica,Entada,0,16200000000000,0,1,NA,NA,NA,1,6.69235724,6.69235724,28,NA,NA,2,0,0,0,Mimosoid
Enterolobium_contortisiliquum,Enterolobium,972000000000,12900000000000,2,1,NA,NA,NA,0,23.01261806,-23.01261806,26,NA,NA,2,0,0,0,Mimosoid
Enterolobium_cyclocarpum,Enterolobium,4290000000000,13700000000000,14,1,NA,NA,NA,2,9.4649793,9.4649793,26,NA,NA,2,0,0,0,Mimosoid
Erythrina_costaricensis,Erythrina,0,1260000000000,0,1,NA,NA,NA,0,4.42204644,4.42204644,42,3,1,4,1,0,1,Papilionoideae
Erythrina_fusca,Erythrina,4530000000000,25600000000000,7,1,NA,NA,NA,2,2.88239997,2.88239997,42,3,1,4,1,0,1,Papilionoideae
Erythrina_lysistemon,Erythrina,6530000000000,5500000000000,7,1,NA,NA,NA,1,20.19571327,-20.19571327,42,3,1,4,1,0,1,Papilionoideae
Erythrina_speciosa,Erythrina,3600000000000,8470000000000,2,1,NA,NA,NA,0,10.77227947,-10.77227947,42,3,1,4,1,0,1,Papilionoideae
Euchresta_japonica,Euchresta,0,1960000000000,0,1,NA,NA,NA,1,31.33289896,31.33289896,18,NA,NA,2,0,0,0,NA
Faidherbia_albida,Faidherbia,997000000000,30500000000000,5,1,NA,1,1,8,14.74294836,14.74294836,26,NA,NA,2,0,0,0,Mimosoid
Flemingia_macrophylla,Flemingia,7600000000000,14300000000000,12,1,NA,NA,NA,2,16.21859796,16.21859796,22,2,0,2,0,0,0,Papilionoideae
Galactia_striata,Galactia,613976683,37000000000000,1,1,NA,NA,NA,2,8.38727896,8.38727896,20,2,0,2,0,0,0,Papilionoideae
Galega_officinalis,Galega,17200000000000,16200000000000,12,1,NA,1,1,5,42.77776493,42.77776493,16,2,0,2,0,0,0,Papilionoideae
Galega_orientalis,Galega,8740000000000,4920000000000,5,1,NA,1,1,2,48.41342464,48.41342464,16,2,0,2,0,0,0,Papilionoideae
Gastrolobium_bilobum,Gastrolobium,0,2530000000000,0,1,NA,NA,NA,0,25.46607155,-25.46607155,16,NA,NA,2,0,0,0,Papilionoideae
Gastrolobium_parviflorum,Gastrolobium,0,2530000000000,0,1,NA,NA,NA,1,25.46607155,-25.46607155,16,NA,NA,2,0,0,0,Papilionoideae
Genista_anglica,Genista,0,2920000000000,0,1,NA,NA,NA,1,48.65681151,48.65681151,42,4,1,4,1,0,1,Papilionoideae
Genista_canariensis,Genista,8470000000000,7521101648,5,1,NA,NA,NA,1,28.33813027,28.33813027,47,4,1,4,1,0,1,Papilionoideae
Genista_cinerea,Genista,0,3760000000000,0,1,NA,NA,NA,1,36.15607191,36.15607191,48,4,1,5,1,0,1,Papilionoideae
Genista_falcata,Genista,0,582000000000,0,1,NA,NA,NA,0,40.28634342,40.28634342,36,3,1,3,1,0,1,Papilionoideae
Genista_florida,Genista,0,1520000000000,0,1,NA,NA,NA,0,37.69307065,37.69307065,48,4,1,5,1,0,1,Papilionoideae
Genista_germanica,Genista,111000000000,10200000000000,2,1,NA,NA,NA,1,51.61577304,51.61577304,44,4,1,4,1,0,1,Papilionoideae
Genista_linifolia,Genista,5090000000000,3770000000000,4,1,NA,NA,NA,1,36.51914693,36.51914693,48,4,1,5,1,0,1,Papilionoideae
Genista_monspessulana,Genista,16600000000000,5780000000000,12,1,NA,NA,NA,6,39.32579831,39.32579831,48,4,1,5,1,0,1,Papilionoideae
Genista_radiata,Genista,0,1550000000000,0,1,NA,NA,NA,0,43.91005404,43.91005404,48,4,1,5,1,0,1,Papilionoideae
Genista_tenera,Genista,0,825154485.7,0,1,NA,NA,NA,0,32.76736726,32.76736726,48,4,1,5,1,0,1,Papilionoideae
Gleditsia_amorphoides,Gleditsia,3330000000000,11800000000000,3,0,NA,NA,NA,0,24.58551684,-24.58551684,28,NA,NA,4,1,0,0,Caesalpinioideae
Gleditsia_japonica,Gleditsia,408000000000,2520000000000,1,0,NA,NA,NA,5,35.85329397,35.85329397,28,NA,NA,4,1,0,0,Caesalpinioideae
Gleditsia_triacanthos,Gleditsia,29100000000000,15200000000000,25,0,NA,NA,NA,7,41.07489977,41.07489977,28,NA,NA,4,1,0,0,Caesalpinioideae
Gliricidia_sepium,Gliricidia,19200000000000,2330000000000,46,1,NA,2,0,7,10.25334026,10.25334026,22,2,0,2,0,0,0,Papilionoideae
Glycine_canescens,Glycine,0,7620000000000,0,1,NA,NA,NA,1,25.55398159,-25.55398159,40,2,0,4,1,0,1,Papilionoideae
Glycine_clandestina,Glycine,0,15700000000000,0,1,NA,NA,NA,2,2.10967042,-2.10967042,40,2,0,4,1,0,1,Papilionoideae
Glycine_max,Glycine,88700000000000,10600000000000,50,1,NA,3,0,7,15.45352811,15.45352811,40,2,0,4,1,1,1,Papilionoideae
Glycine_microphylla,Glycine,0,2830000000000,0,1,NA,NA,NA,0,34.37258831,-34.37258831,40,2,0,4,1,0,1,Papilionoideae
Glycine_tabacina,Glycine,582000000000,8440000000000,1,1,NA,NA,NA,0,3.16652588,-3.16652588,80,4,1,8,1,0,1,Papilionoideae
Glycyrrhiza_glabra,Glycyrrhiza,15400000000000,24600000000000,9,1,NA,2,0,9,39.48689989,39.48689989,16,2,0,2,0,0,0,Papilionoideae
Glycyrrhiza_lepidota,Glycyrrhiza,0,19400000000000,0,1,NA,NA,NA,0,45.75607157,45.75607157,16,2,0,2,0,0,0,Papilionoideae
Glycyrrhiza_pallidiflora,Glycyrrhiza,0,5160000000000,0,1,NA,1,1,1,45.83855736,45.83855736,16,2,0,2,0,0,0,Papilionoideae
Glycyrrhiza_uralensis,Glycyrrhiza,0,23700000000000,0,1,NA,2,0,3,45.63301501,45.63301501,16,2,0,2,0,0,0,Papilionoideae
Gompholobium_minus,Gompholobium,0,802000000000,0,1,NA,NA,NA,0,32.17021086,-32.17021086,18,NA,NA,2,0,0,0,Papilionoideae
Goodia_lotifolia,Goodia,115000000000,2830000000000,1,1,NA,NA,NA,2,34.37660906,-34.37660906,16,NA,NA,2,0,0,0,Papilionoideae
Gueldenstaedtia_verna,Gueldenstaedtia,0,15200000000000,0,1,NA,NA,NA,1,42.37155701,42.37155701,16,2,0,2,0,0,0,Papilionoideae
Guibourtia_coleosperma,Guibourtia,0,6090000000000,0,0,NA,NA,NA,4,11.73953808,-11.73953808,48,NA,NA,7,1,0,1,Detarioideae
Gymnocladus_chinensis,Gymnocladus,0,1830000000000,0,0,NA,NA,NA,2,27.60649117,27.60649117,28,NA,NA,4,1,0,0,Caesalpinioideae
Gymnocladus_dioica,Gymnocladus,13300000000000,16300000000000,9,0,NA,NA,NA,4,54.12793836,54.12793836,28,NA,NA,4,1,0,0,Caesalpinioideae
Haematoxylum_campechianum,Haematoxylum,20400000000000,2440000000000,31,0,NA,NA,NA,5,19.29766848,19.29766848,24,NA,NA,3,1,0,1,Caesalpinioideae
Halimodendron_halodendron,Halimodendron,7170000000000,18600000000000,10,1,NA,1,1,4,44.12523883,44.12523883,16,2,0,2,0,0,0,Papilionoideae
Hardenbergia_comptoniana,Hardenbergia,132000000000,7690000000000,2,1,NA,NA,NA,1,25.73253015,-25.73253015,22,2,0,2,0,0,0,Papilionoideae
Hardenbergia_violacea,Hardenbergia,2055545262,3810000000000,1,1,NA,NA,NA,1,34.81740116,-34.81740116,22,2,0,2,0,0,0,Papilionoideae
Havardia_pallens,Havardia,0,988000000000,0,1,NA,NA,NA,0,23.04533937,23.04533937,26,NA,NA,2,0,0,0,Mimosoid
Hebestigma_cubense,Hebestigma,0,110000000000,0,1,NA,NA,NA,0,21.6201256,21.6201256,20,2,0,2,0,0,0,Papilionoideae
Hedysarum_alpinum,Hedysarum,0,49200000000000,0,1,NA,NA,NA,4,46.02940052,46.02940052,14,2,0,1,0,0,0,Papilionoideae
Hedysarum_boreale,Hedysarum,0,16200000000000,0,1,NA,NA,NA,0,54.53496801,54.53496801,16,2,0,2,0,0,0,Papilionoideae
Hedysarum_caucasicum,Hedysarum,0,4750000000000,0,1,NA,NA,NA,2,48.62324659,48.62324659,14,2,0,1,0,0,0,Papilionoideae
Hedysarum_coronarium,Hedysarum,6850000000000,3370000000000,15,1,NA,1,1,2,35.18906387,35.18906387,16,2,0,2,0,0,0,Papilionoideae
Hedysarum_vicioides,Hedysarum,0,6830000000000,0,1,NA,NA,NA,1,49.92638554,49.92638554,15,2,0,1,0,0,0,Papilionoideae
Hesperolaburnum_platycarpum,Hesperolaburnum,0,403000000000,0,1,NA,NA,NA,0,31.88356133,31.88356133,50,NA,NA,5,1,0,1,Papilionoideae
Hippocrepis_emerus,Hippocrepis,717000000000,6200000000000,5,1,NA,NA,NA,0,40.7916224,40.7916224,14,2,0,1,0,0,0,Papilionoideae
Hippocrepis_unisiliquosa,Hippocrepis,0,4440000000000,0,1,NA,NA,NA,0,34.8661874,34.8661874,14,2,0,1,0,1,0,Papilionoideae
Hoffmannseggia_glauca,Hoffmannseggia,0,9160000000000,0,0,NA,NA,NA,0,3.5130894,3.5130894,24,NA,NA,3,1,0,0,Caesalpinioideae
Hoita_macrostachya,Hoita,0,474000000000,0,1,NA,NA,NA,0,28.18553821,28.18553821,20,NA,NA,2,0,0,0,Papilionoideae
Hovea_elliptica,Hovea,115000000000,2530000000000,1,1,NA,NA,NA,1,25.46607155,-25.46607155,18,NA,NA,2,0,0,0,Papilionoideae
Hovea_trisperma,Hovea,0,2530000000000,0,1,NA,NA,NA,0,25.46607155,-25.46607155,18,NA,NA,2,0,0,0,Papilionoideae
Hymenaea_courbaril,Hymenaea,4440000000000,4840000000000,11,0,NA,NA,NA,3,9.2242963,9.2242963,24,NA,NA,3,1,0,0,Detarioideae
Hymenaea_parvifolia,Hymenaea,0,12900000000000,0,0,NA,NA,NA,0,3.68445967,-3.68445967,24,NA,NA,3,1,0,0,Detarioideae
Hymenaea_verrucosa,Hymenaea,5590000000000,5100000000000,12,0,NA,NA,NA,5,4.76288788,-4.76288788,24,NA,NA,3,1,0,0,Detarioideae
Hymenostegia_afzelii,Hymenostegia,0,2400000000000,0,0,NA,NA,NA,3,8.44381177,8.44381177,24,NA,NA,3,1,0,1,Detarioideae
Hypocalyptus_coluteoides,Hypocalyptus,0,2670000000000,0,1,NA,1,1,0,25.48651667,-25.48651667,20,2,0,2,0,0,0,Papilionoideae
Hypocalyptus_sophoroides,Hypocalyptus,0,2670000000000,0,1,NA,1,1,0,25.48651667,-25.48651667,20,2,0,2,0,0,0,Papilionoideae
Indigastrum_argyroides,Indigastrum,0,3480000000000,0,1,NA,NA,NA,0,23.86102812,-23.86102812,14,NA,NA,1,0,1,0,Papilionoideae
Indigofera_alternans,Indigofera,0,5290000000000,0,1,NA,NA,NA,0,21.57866224,-21.57866224,32,8,1,3,1,0,1,Papilionoideae
Indigofera_argentea,Indigofera,0,20900000000000,0,1,NA,NA,NA,1,20.8560083,20.8560083,16,4,1,2,0,0,0,Papilionoideae
Indigofera_arrecta,Indigofera,3880000000000,25500000000000,10,1,3,NA,NA,5,2.82239508,2.82239508,16,4,1,2,0,0,0,Papilionoideae
Indigofera_astragalina,Indigofera,355625704.1,28900000000000,1,1,NA,1,1,1,14.71175566,14.71175566,16,4,1,2,0,1,0,Papilionoideae
Indigofera_australis,Indigofera,2670000000000,7760000000000,2,1,NA,NA,NA,1,33.83765746,-33.83765746,16,4,1,2,0,0,0,Papilionoideae
Indigofera_cordifolia,Indigofera,0,25400000000000,0,1,NA,NA,NA,3,9.06013282,9.06013282,16,4,1,2,0,1,0,Papilionoideae
Indigofera_decora,Indigofera,2740000000000,2110000000000,2,1,NA,NA,NA,1,29.92440523,29.92440523,48,12,1,5,1,0,1,Papilionoideae
Indigofera_demissa,Indigofera,0,7870000000000,0,1,NA,NA,NA,0,10.136009,-10.136009,16,4,1,2,0,0,0,Papilionoideae
Indigofera_emarginella,Indigofera,0,13100000000000,0,1,NA,NA,NA,1,3.15826185,3.15826185,24,6,1,2,0,0,0,Papilionoideae
Indigofera_hedyantha,Indigofera,0,3500000000000,0,1,NA,NA,NA,0,24.17941176,-24.17941176,16,4,1,2,0,0,0,Papilionoideae
Indigofera_hirsuta,Indigofera,2150000000000,39400000000000,8,1,NA,1,1,5,6.00354518,6.00354518,16,4,1,2,0,0,0,Papilionoideae
Indigofera_kirilowii,Indigofera,8170000000000,1370000000000,2,1,NA,NA,NA,2,38.56462883,38.56462883,16,4,1,2,0,0,0,Papilionoideae
Indigofera_linifolia,Indigofera,2645044536,24300000000000,1,1,NA,NA,NA,5,11.63265646,11.63265646,16,4,1,2,0,0,0,Papilionoideae
Indigofera_lupatana,Indigofera,0,7370000000000,0,1,NA,NA,NA,0,10.86319881,-10.86319881,16,4,1,2,0,0,0,Papilionoideae
Indigofera_microcarpa,Indigofera,0,887000000000,0,1,NA,NA,NA,0,3.55225494,-3.55225494,16,4,1,2,0,0,0,Papilionoideae
Indigofera_nummulariifolia,Indigofera,0,23400000000000,0,1,NA,NA,NA,1,13.15762855,13.15762855,16,4,1,2,0,0,0,Papilionoideae
Indigofera_oblongifolia,Indigofera,0,25300000000000,0,1,NA,NA,NA,2,13.97712348,13.97712348,16,4,1,2,0,0,0,Papilionoideae
Indigofera_praticola,Indigofera,0,4960000000000,0,1,NA,NA,NA,0,17.68876937,-17.68876937,16,4,1,2,0,1,0,Papilionoideae
Indigofera_pseudotinctoria,Indigofera,0,2710000000000,0,1,NA,NA,NA,3,32.75775076,32.75775076,16,4,1,2,0,0,0,Papilionoideae
Indigofera_pulchra,Indigofera,0,16800000000000,0,1,NA,NA,NA,1,7.25518741,7.25518741,16,4,1,2,0,1,0,Papilionoideae
Indigofera_rhynchocarpa,Indigofera,0,9460000000000,0,1,NA,NA,NA,0,3.61598767,3.61598767,16,4,1,2,0,0,0,Papilionoideae
Indigofera_schimperi,Indigofera,0,15800000000000,0,1,NA,NA,NA,1,2.71656697,2.71656697,16,4,1,2,0,0,0,Papilionoideae
Indigofera_sessiliflora,Indigofera,0,20800000000000,0,1,NA,NA,NA,0,22.43540713,22.43540713,32,8,1,3,1,1,1,Papilionoideae
Indigofera_spicata,Indigofera,128000000000,15500000000000,1,1,NA,NA,NA,4,4.12735407,4.12735407,16,4,1,2,0,0,0,Papilionoideae
Indigofera_strobilifera,Indigofera,0,11800000000000,0,1,NA,NA,NA,0,0.08851722,-0.08851722,14,4,1,1,0,1,0,Papilionoideae
Indigofera_suffruticosa,Indigofera,5580000000000,9180000000000,28,1,NA,NA,NA,7,12.57671965,12.57671965,16,4,1,2,0,0,0,Papilionoideae
Indigofera_swaziensis,Indigofera,0,9000000000000,0,1,NA,NA,NA,0,13.05058121,-13.05058121,16,4,1,2,0,0,0,Papilionoideae
Indigofera_tinctoria,Indigofera,3140000000000,36900000000000,16,1,NA,1,1,6,8.91410948,8.91410948,16,4,1,2,0,0,0,Papilionoideae
Inga_densiflora,Inga,0,664000000000,0,1,NA,NA,NA,0,9.69430938,9.69430938,26,2,0,2,0,0,0,Mimosoid
Inga_edulis,Inga,6600000000000,10400000000000,7,1,NA,1,1,3,7.70557519,-7.70557519,26,2,0,2,0,0,0,Mimosoid
Inga_heterophylla,Inga,0,13500000000000,0,1,NA,NA,NA,0,3.78920047,-3.78920047,26,2,0,2,0,0,0,Mimosoid
Inga_laurina,Inga,2120000000000,17800000000000,3,1,NA,1,1,1,4.48952238,4.48952238,52,4,1,4,1,0,1,Mimosoid
Inga_leiocalycina,Inga,0,3380000000000,0,1,NA,NA,NA,0,9.20895421,9.20895421,26,2,0,2,0,0,0,Mimosoid
Inga_oerstediana,Inga,0,4410000000000,0,1,NA,NA,NA,0,11.11982358,11.11982358,26,2,0,2,0,0,0,Mimosoid
Inga_punctata,Inga,0,14100000000000,0,1,NA,NA,NA,0,6.28999587,6.28999587,26,2,0,2,0,0,0,Mimosoid
Inga_sertulifera,Inga,0,12600000000000,0,1,NA,NA,NA,0,0.83196226,-0.83196226,26,2,0,2,0,0,0,Mimosoid
Inga_spectabilis,Inga,0,269000000000,0,1,NA,NA,NA,0,13.4920757,13.4920757,26,2,0,2,0,0,0,Mimosoid
Inga_umbellifera,Inga,0,1190000000000,0,1,NA,NA,NA,0,6.93521168,6.93521168,26,2,0,2,0,0,0,Mimosoid
Inga_vera,Inga,2120000000000,5410000000000,1,1,NA,NA,NA,0,14.41102883,14.41102883,26,2,0,2,0,0,0,Mimosoid
Inocarpus_fagifer,Inocarpus,4700589798,6560000000000,2,1,NA,NA,NA,2,4.19180059,-4.19180059,20,2,0,2,0,0,0,Papilionoideae
Isotropis_cuneifolia,Isotropis,0,2530000000000,0,1,NA,NA,NA,0,25.46607155,-25.46607155,26,1,0,2,0,0,0,Papilionoideae
Jacksonia_horrida,Jacksonia,0,2530000000000,0,1,NA,NA,NA,0,25.46607155,-25.46607155,18,NA,NA,2,0,0,0,Papilionoideae
Kennedia_beckxiana,Kennedia,0,2530000000000,0,1,NA,NA,NA,0,25.46607155,-25.46607155,22,2,0,2,0,0,0,Papilionoideae
Kennedia_coccinea,Kennedia,0,2530000000000,0,1,NA,NA,NA,0,25.46607155,-25.46607155,22,2,0,2,0,0,0,Papilionoideae
Kennedia_nigricans,Kennedia,0,3510000000000,0,1,NA,NA,NA,1,26.80243548,-26.80243548,22,2,0,2,0,0,0,Papilionoideae
Kennedia_prostrata,Kennedia,0,7690000000000,0,1,NA,NA,NA,0,25.73253015,-25.73253015,22,2,0,2,0,0,0,Papilionoideae
Kennedia_rubicunda,Kennedia,434000000000,2830000000000,2,1,NA,NA,NA,2,34.37258831,-34.37258831,22,2,0,2,0,0,0,Papilionoideae
Kummerowia_stipulacea,Kummerowia,2800000000000,7380000000000,1,1,NA,2,0,5,43.35430442,43.35430442,20,2,0,2,0,1,0,Papilionoideae
Kummerowia_striata,Kummerowia,2530000000000,10800000000000,2,1,NA,3,0,6,33.9937023,33.9937023,22,2,0,2,0,0,0,Papilionoideae
Lablab_purpureus,Lablab,33500000000000,29600000000000,56,1,NA,1,1,7,0.09818241,0.09818241,22,2,0,2,0,0,0,Papilionoideae
Laburnum_anagyroides,Laburnum,24100000000000,2050000000000,27,1,NA,NA,NA,2,34.85868258,34.85868258,48,NA,NA,5,1,0,1,Papilionoideae
Lamprolobium_fruticosum,Lamprolobium,130000000000,1730000000000,1,1,NA,NA,NA,1,22.57378083,-22.57378083,18,NA,NA,2,0,0,0,Papilionoideae
Lathyrus_aphaca,Lathyrus,11200000000000,27500000000000,8,1,NA,1,1,5,39.11839808,39.11839808,14,2,0,1,0,1,0,Papilionoideae
Lathyrus_cicera,Lathyrus,606000000000,20000000000000,3,1,NA,NA,NA,6,36.55834479,36.55834479,14,2,0,1,0,1,0,Papilionoideae
Lathyrus_clymenum,Lathyrus,897000000000,7130000000000,4,1,NA,NA,NA,1,38.60567236,38.60567236,14,2,0,1,0,1,0,Papilionoideae
Lathyrus_hirsutus,Lathyrus,4970000000000,18200000000000,7,1,NA,NA,NA,3,41.67807573,41.67807573,14,2,0,1,0,1,0,Papilionoideae
Lathyrus_japonicus,Lathyrus,0,29800000000000,0,1,NA,1,1,4,50.22068001,50.22068001,14,2,0,1,0,0,0,Papilionoideae
Lathyrus_littoralis,Lathyrus,0,834000000000,0,1,NA,NA,NA,0,41.66077745,41.66077745,14,2,0,1,0,0,0,Papilionoideae
Lathyrus_nevadensis,Lathyrus,0,1470000000000,0,1,NA,NA,NA,0,42.74920082,42.74920082,28,5,1,3,1,0,1,Papilionoideae
Lathyrus_niger,Lathyrus,346000000000,15200000000000,2,1,NA,NA,NA,4,44.88183931,44.88183931,14,2,0,1,0,0,0,Papilionoideae
Lathyrus_nissolia,Lathyrus,8380000000000,14900000000000,4,1,NA,1,1,1,42.66530031,42.66530031,14,2,0,1,0,1,0,Papilionoideae
Lathyrus_ochrus,Lathyrus,117000000000,7030000000000,2,1,NA,NA,NA,2,38.13711824,38.13711824,14,2,0,1,0,1,0,Papilionoideae
Lathyrus_odoratus,Lathyrus,63800000000000,413000000000,41,1,NA,1,1,3,27.90132043,27.90132043,14,2,0,1,0,1,0,Papilionoideae
Lathyrus_palustris,Lathyrus,0,37700000000000,0,1,NA,NA,NA,1,43.83747701,43.83747701,14,2,0,1,0,0,0,Papilionoideae
Lathyrus_pratensis,Lathyrus,16900000000000,40000000000000,8,1,10,1,1,3,42.09266119,42.09266119,14,2,0,2,0,0,0,Papilionoideae
Lathyrus_sativus,Lathyrus,54100000000000,1070000000000,36,1,NA,NA,NA,7,6.77941557,-6.77941557,14,2,0,1,0,1,0,Papilionoideae
Lathyrus_sphaericus,Lathyrus,8420000000000,23500000000000,4,1,NA,NA,NA,1,37.82259621,37.82259621,14,2,0,1,0,1,0,Papilionoideae
Lathyrus_tingitanus,Lathyrus,7130000000000,3330000000000,7,1,NA,NA,NA,2,36.84475817,36.84475817,14,2,0,1,0,1,0,Papilionoideae
Lebeckia_cytisoides,Lebeckia,0,2670000000000,0,1,NA,NA,NA,0,25.48651667,-25.48651667,18,NA,NA,2,0,0,0,NA
Lens_culinaris,Lens,27800000000000,16500000000000,43,1,NA,1,1,4,20.36272679,20.36272679,14,2,0,1,0,0,0,Papilionoideae
Lens_ervoides,Lens,0,7840000000000,0,1,NA,NA,NA,0,34.01195498,34.01195498,14,2,0,1,0,1,0,Papilionoideae
Lespedeza_angustifolia,Lespedeza,0,789000000000,0,1,NA,NA,NA,0,37.09097654,37.09097654,20,2,0,2,0,0,0,Papilionoideae
Lespedeza_bicolor,Lespedeza,8250000000000,15400000000000,9,1,NA,3,0,3,39.58768972,39.58768972,22,2,0,2,0,0,0,Papilionoideae
Lespedeza_capitata,Lespedeza,0,17300000000000,0,1,NA,1,1,0,53.69834215,53.69834215,20,2,0,2,0,0,0,Papilionoideae
Lespedeza_cyrtobotrya,Lespedeza,8170000000000,3080000000000,2,1,NA,NA,NA,3,33.79614164,33.79614164,22,2,0,2,0,0,0,Papilionoideae
Lespedeza_davidii,Lespedeza,0,2080000000000,0,1,NA,1,1,0,26.1886096,26.1886096,22,2,0,2,0,0,0,Papilionoideae
Lespedeza_floribunda,Lespedeza,0,6100000000000,0,1,NA,NA,NA,0,33.79418863,33.79418863,22,2,0,2,0,0,0,Papilionoideae
Lespedeza_hirta,Lespedeza,0,10900000000000,0,1,NA,NA,NA,0,39.15670326,39.15670326,20,2,0,2,0,0,0,Papilionoideae
Lespedeza_japonica,Lespedeza,8540000000000,NA,3,1,NA,NA,NA,1,NA,NA,22,2,0,2,0,0,0,Papilionoideae
Lespedeza_juncea,Lespedeza,10900000000000,31400000000000,6,1,NA,1,1,4,22.49597644,22.49597644,20,2,0,2,0,0,0,Papilionoideae
Lespedeza_maximowiczii,Lespedeza,0,997000000000,0,1,NA,NA,NA,1,36.05270502,36.05270502,20,2,0,2,0,0,0,Papilionoideae
Lespedeza_procumbens,Lespedeza,0,2960000000000,0,1,NA,1,1,0,35.1284175,35.1284175,20,2,0,2,0,0,0,Papilionoideae
Lespedeza_repens,Lespedeza,0,3090000000000,0,1,NA,NA,NA,0,38.70316066,38.70316066,20,2,0,2,0,0,0,Papilionoideae
Lespedeza_stuevei,Lespedeza,0,2670000000000,0,1,NA,NA,NA,0,34.59060583,34.59060583,20,2,0,2,0,0,0,Papilionoideae
Lespedeza_thunbergii,Lespedeza,612000000000,3990000000000,4,1,NA,NA,NA,1,30.63943753,30.63943753,22,2,0,2,0,0,0,Papilionoideae
Lespedeza_tomentosa,Lespedeza,0,13200000000000,0,1,NA,1,1,2,30.59548435,30.59548435,20,2,0,2,0,0,0,Papilionoideae
Lespedeza_virgata,Lespedeza,275000000000,2200000000000,2,1,NA,NA,NA,1,33.18706468,33.18706468,22,2,0,2,0,0,0,Papilionoideae
Lespedeza_virginica,Lespedeza,0,3380000000000,0,1,NA,NA,NA,0,35.78194358,35.78194358,20,2,0,2,0,0,0,Papilionoideae
Leucaena_diversifolia,Leucaena,2490000000000,2370000000000,5,1,NA,NA,NA,2,19.32307644,19.32307644,104,NA,NA,8,1,0,1,Mimosoid
Leucaena_greggii,Leucaena,294000000000,66275824795,1,1,NA,NA,NA,1,19.13108596,19.13108596,56,NA,NA,4,1,0,0,Mimosoid
Leucaena_involucrata,Leucaena,0,66275824795,0,1,NA,NA,NA,0,19.13108596,19.13108596,112,NA,NA,9,1,0,1,Mimosoid
Leucaena_multicapitula,Leucaena,0,254000000000,0,1,NA,NA,NA,1,11.00127451,11.00127451,52,NA,NA,4,1,0,0,Mimosoid
Leucaena_pulverulenta,Leucaena,5470000000000,3240000000000,5,1,NA,NA,NA,4,27.93920268,27.93920268,56,NA,NA,4,1,0,0,Mimosoid
Leucaena_retusa,Leucaena,112000000000,1070000000000,1,1,NA,NA,NA,0,25.78519056,25.78519056,54,NA,NA,4,1,0,0,Mimosoid
Leucaena_salvadorensis,Leucaena,0,261000000000,0,1,NA,NA,NA,1,13.76383318,13.76383318,56,NA,NA,4,1,0,0,Mimosoid
Leucaena_shannonii,Leucaena,0,606000000000,0,1,NA,NA,NA,2,16.42326836,16.42326836,52,NA,NA,4,1,0,0,Mimosoid
Leucaena_trichodes,Leucaena,0,3710000000000,0,1,NA,NA,NA,3,5.67378507,5.67378507,54,NA,NA,4,1,0,0,Mimosoid
Liparia_splendens,Liparia,0,2670000000000,0,1,NA,NA,NA,0,25.48651667,-25.48651667,18,NA,NA,2,0,0,0,Papilionoideae
Lonchocarpus_eriocarinalis,Lonchocarpus,0,245000000000,0,1,NA,NA,NA,0,15.57946675,15.57946675,22,2,0,2,0,0,0,Papilionoideae
Lotononis_platycarpa,Lotononis,0,23800000000000,0,1,NA,NA,NA,0,12.74632667,12.74632667,18,NA,NA,2,0,1,0,Papilionoideae
Lotononis_rabenaviana,Lotononis,0,805000000000,0,1,NA,NA,NA,0,22.23553957,-22.23553957,18,NA,NA,2,0,0,0,Papilionoideae
Lotus_angustissimus,Lotus,11000000000000,23200000000000,5,1,NA,NA,NA,1,40.50607279,40.50607279,12,2,0,1,0,0,0,Papilionoideae
Lotus_arabicus,Lotus,0,17200000000000,0,1,NA,1,1,0,8.09032416,8.09032416,14,2,0,1,0,1,0,Papilionoideae
Lotus_arenarius,Lotus,0,1180000000000,0,1,NA,NA,NA,0,28.84562738,28.84562738,14,2,0,1,0,1,0,Papilionoideae
Lotus_australis,Lotus,0,7790000000000,0,1,NA,NA,NA,0,7.36775735,-7.36775735,28,5,1,3,1,0,1,Papilionoideae
Lotus_conimbricensis,Lotus,0,6050000000000,0,1,NA,NA,NA,0,38.04066449,38.04066449,12,2,0,1,0,1,0,Papilionoideae
Lotus_corniculatus,Lotus,21100000000000,50400000000000,9,1,11,1,1,3,37.14945239,37.14945239,24,4,1,2,0,0,0,Papilionoideae
Lotus_cruentus,Lotus,0,7620000000000,0,1,NA,NA,NA,0,25.55398159,-25.55398159,28,5,1,3,1,0,1,Papilionoideae
Lotus_cytisoides,Lotus,0,7150000000000,0,1,NA,NA,NA,0,38.8799667,38.8799667,14,2,0,1,0,0,0,Papilionoideae
Lotus_edulis,Lotus,0,8380000000000,0,1,NA,NA,NA,0,37.97305081,37.97305081,14,2,0,1,0,1,0,Papilionoideae
Lotus_halophilus,Lotus,0,5820000000000,0,1,NA,NA,NA,0,36.74453944,36.74453944,14,2,0,1,0,1,0,Papilionoideae
Lotus_longesiliquosus,Lotus,0,494000000000,0,1,NA,NA,NA,0,40.39193845,40.39193845,14,2,0,1,0,0,0,Papilionoideae
Lotus_maroccanus,Lotus,0,403000000000,0,1,NA,NA,NA,0,31.88356133,31.88356133,14,2,0,1,0,0,0,Papilionoideae
Lotus_ornithopodioides,Lotus,7940000000000,9030000000000,1,1,NA,NA,NA,1,39.13045918,39.13045918,14,2,0,1,0,1,0,Papilionoideae
Lotus_parviflorus,Lotus,0,4920000000000,0,1,NA,NA,NA,0,38.57238282,38.57238282,12,2,0,1,0,1,0,Papilionoideae
Lotus_pedunculatus,Lotus,25000000000000,10900000000000,15,1,17,NA,NA,2,44.99702249,44.99702249,12,2,0,1,0,0,0,Papilionoideae
Lotus_peregrinus,Lotus,0,2700000000000,0,1,NA,NA,NA,0,34.74885067,34.74885067,28,5,1,3,1,1,1,Papilionoideae
Lotus_schoelleri,Lotus,0,4210000000000,0,1,NA,NA,NA,0,10.6883664,10.6883664,12,2,0,1,0,0,0,Papilionoideae
Lotus_subbiflorus,Lotus,0,4060000000000,0,1,NA,NA,NA,0,41.84978999,41.84978999,12,2,0,1,0,1,0,Papilionoideae
Lotus_tenuis,Lotus,846000000000,NA,2,1,NA,2,0,0,NA,NA,12,2,0,1,0,0,0,Papilionoideae
Lotus_weilleri,Lotus,0,403000000000,0,1,NA,NA,NA,0,31.88356133,31.88356133,14,2,0,1,0,1,0,Papilionoideae
Lupinus_albifrons,Lupinus,0,946000000000,0,1,NA,NA,NA,0,39.77316376,39.77316376,48,3,1,5,1,0,1,Papilionoideae
Lupinus_albus,Lupinus,37700000000000,1310000000000,23,1,NA,1,1,6,39.45133558,39.45133558,50,3,1,5,1,1,1,Papilionoideae
Lupinus_angustifolius,Lupinus,31500000000000,8200000000000,23,1,NA,1,1,8,37.55619092,37.55619092,40,2,0,4,1,1,1,Papilionoideae
Lupinus_arboreus,Lupinus,5590000000000,834000000000,8,1,NA,NA,NA,2,41.66077745,41.66077745,48,3,1,5,1,0,1,Papilionoideae
Lupinus_arcticus,Lupinus,0,21600000000000,0,1,NA,NA,NA,0,56.485098,56.485098,48,3,1,5,1,0,1,Papilionoideae
Lupinus_argenteus,Lupinus,0,3650000000000,0,1,NA,NA,NA,0,41.40478753,41.40478753,48,3,1,5,1,0,1,Papilionoideae
Lupinus_atlanticus,Lupinus,0,403000000000,0,1,NA,NA,NA,0,31.88356133,31.88356133,38,2,0,4,1,0.461538462,1,Papilionoideae
Lupinus_cosentinii,Lupinus,12800000000000,1450000000000,5,1,NA,NA,NA,1,38.52069805,38.52069805,32,2,0,3,1,0,1,Papilionoideae
Lupinus_digitatus,Lupinus,0,5730000000000,0,1,NA,NA,NA,0,21.01150356,21.01150356,41,3,1,4,1,1,1,Papilionoideae
Lupinus_hispanicus,Lupinus,0,582000000000,0,1,NA,NA,NA,0,40.28634342,40.28634342,52,3,1,5,1,0.461538462,1,Papilionoideae
Lupinus_latifolius,Lupinus,0,2020000000000,0,1,NA,NA,NA,0,29.02057111,29.02057111,48,3,1,5,1,0,1,Papilionoideae
Lupinus_lepidus,Lupinus,0,NA,0,1,NA,NA,NA,0,NA,NA,48,3,1,5,1,0,1,Papilionoideae
Lupinus_luteus,Lupinus,33200000000000,718000000000,21,1,NA,1,1,5,23.59231907,23.59231907,52,3,1,5,1,1,1,Papilionoideae
Lupinus_mexicanus,Lupinus,456000000000,175000000000,2,1,NA,NA,NA,1,17.41669617,17.41669617,48,3,1,5,1,0,1,Papilionoideae
Lupinus_mutabilis,Lupinus,7120000000000,3890000000000,5,1,NA,NA,NA,3,7.15188118,-7.15188118,48,3,1,5,1,0,1,Papilionoideae
Lupinus_nanus,Lupinus,0,1610000000000,0,1,NA,NA,NA,0,47.35289347,47.35289347,48,3,1,5,1,1,1,Papilionoideae
Lupinus_nootkatensis,Lupinus,727000000000,13600000000000,3,1,NA,NA,NA,0,61.82404495,61.82404495,48,3,1,5,1,0,1,Papilionoideae
Lupinus_palaestinus,Lupinus,0,173000000000,0,1,NA,NA,NA,0,30.50619505,30.50619505,42,3,1,4,1,1,1,Papilionoideae
Lupinus_perennis,Lupinus,11900000000000,3400000000000,11,1,NA,NA,NA,2,43.42084312,43.42084312,48,3,1,5,1,0,1,Papilionoideae
Lupinus_pilosus,Lupinus,11300000000000,2060000000000,10,1,NA,NA,NA,1,38.86744634,38.86744634,42,3,1,4,1,1,1,Papilionoideae
Lupinus_polyphyllus,Lupinus,30100000000000,6850000000000,13,1,NA,1,1,3,48.85857516,48.85857516,48,3,1,5,1,0,1,Papilionoideae
Lupinus_princei,Lupinus,0,2650000000000,0,1,NA,NA,NA,0,0.18968826,-0.18968826,38,2,0,4,1,1,1,Papilionoideae
Lupinus_pusillus,Lupinus,0,5360000000000,0,1,NA,NA,NA,1,45.11700069,45.11700069,48,3,1,5,1,1,1,Papilionoideae
Lupinus_sericeus,Lupinus,0,5080000000000,0,1,NA,NA,NA,1,46.28722037,46.28722037,48,3,1,5,1,0,1,Papilionoideae
Lupinus_succulentus,Lupinus,0,768000000000,0,1,NA,NA,NA,0,27.58193304,27.58193304,48,3,1,5,1,1,1,Papilionoideae
Lysiloma_divaricatum,Lysiloma,0,128000000000,0,1,NA,NA,NA,0,12.839712,12.839712,26,NA,NA,2,0,0,0,Mimosoid
Maackia_amurensis,Maackia,14500000000000,8960000000000,6,1,NA,NA,NA,3,46.95941412,46.95941412,18,NA,NA,2,0,0,0,Papilionoideae
Maackia_hupehensis,Maackia,0,1750000000000,0,0,NA,NA,NA,0,31.04249236,31.04249236,18,NA,NA,2,0,0,0,Papilionoideae
Machaerium_aculeatum,Machaerium,0,NA,0,1,NA,NA,NA,0,NA,NA,20,NA,NA,2,0,0,0,Papilionoideae
Machaerium_brasiliense,Machaerium,0,NA,0,1,NA,NA,NA,0,NA,NA,20,NA,NA,2,0,0,0,Papilionoideae
Machaerium_stipitatum,Machaerium,0,NA,0,1,NA,NA,NA,0,NA,NA,20,NA,NA,2,0,0,0,Papilionoideae
Machaerium_villosum,Machaerium,0,9560000000000,0,1,NA,NA,NA,0,13.74369646,-13.74369646,20,NA,NA,2,0,0,0,Papilionoideae
Macroptilium_atropurpureum,Macroptilium,12800000000000,10600000000000,22,1,NA,NA,NA,4,9.75409644,9.75409644,22,2,0,2,0,0,0,Papilionoideae
Macroptilium_gracile,Macroptilium,0,2910000000000,0,1,NA,NA,NA,0,11.26848002,-11.26848002,22,2,0,2,0,0,0,Papilionoideae
Macroptilium_lathyroides,Macroptilium,20400000000000,5390000000000,28,1,NA,NA,NA,3,6.47875062,6.47875062,22,2,0,2,0,0,0,Papilionoideae
Macrotyloma_uniflorum,Macrotyloma,2270000000000,33400000000000,2,1,NA,NA,NA,4,12.96417812,12.96417812,20,2,0,2,0,0,0,Papilionoideae
Medicago_arabica,Medicago,22000000000000,9670000000000,15,1,NA,NA,NA,2,41.22666334,41.22666334,16,2,0,2,0,1,0,Papilionoideae
Medicago_arborea,Medicago,15900000000000,1670000000000,11,1,NA,NA,NA,1,39.87021767,39.87021767,32,5,1,3,1,0,1,Papilionoideae
Medicago_brachycarpa,Medicago,0,3090000000000,0,1,NA,NA,NA,0,37.4376419,37.4376419,16,2,0,2,0,0,0,Papilionoideae
Medicago_cancellata,Medicago,0,8420000000000,0,1,NA,NA,NA,1,54.27359222,54.27359222,48,7,1,5,1,0,1,Papilionoideae
Medicago_carstiensis,Medicago,0,730000000000,0,1,NA,NA,NA,0,43.16628503,43.16628503,16,2,0,2,0,0,0,Papilionoideae
Medicago_constricta,Medicago,0,1320000000000,0,1,NA,NA,NA,0,36.33986007,36.33986007,14,2,0,1,0,1,0,Papilionoideae
Medicago_heyniana,Medicago,0,888000000000,0,1,NA,NA,NA,0,37.84480352,37.84480352,16,2,0,2,0,1,0,Papilionoideae
Medicago_hybrida,Medicago,0,539000000000,0,1,NA,NA,NA,0,46.63137209,46.63137209,16,2,0,2,0,0,0,Papilionoideae
Medicago_hypogaea,Medicago,0,3590000000000,0,1,NA,NA,NA,0,33.85016155,33.85016155,14,2,0,1,0,1,0,Papilionoideae
Medicago_intertexta,Medicago,6230000000000,8600000000000,3,1,NA,1,1,0,35.71182872,35.71182872,16,2,0,2,0,1,0,Papilionoideae
Medicago_laciniata,Medicago,5390000000000,16400000000000,6,1,NA,2,0,2,13.83832373,13.83832373,16,2,0,2,0,1,0,Papilionoideae
Medicago_lupulina,Medicago,56600000000000,52800000000000,25,1,28,1,1,3,36.30563226,36.30563226,16,2,0,2,0,0,0,Papilionoideae
Medicago_marina,Medicago,0,8900000000000,0,1,NA,NA,NA,0,38.13796149,38.13796149,16,2,0,2,0,0,0,Papilionoideae
Medicago_medicaginoides,Medicago,0,10700000000000,0,1,NA,NA,NA,2,43.29148654,43.29148654,16,2,0,2,0,1,0,Papilionoideae
Medicago_monantha,Medicago,582000000000,11900000000000,1,1,NA,NA,NA,1,35.27603536,35.27603536,44,6,1,4,1,0,1,Papilionoideae
Medicago_monspeliaca,Medicago,16400000000000,13700000000000,4,1,NA,NA,NA,3,39.11929705,39.11929705,16,2,0,2,0,1,0,Papilionoideae
Medicago_murex,Medicago,0,7420000000000,0,1,NA,NA,NA,0,37.62185772,37.62185772,14,2,0,1,0,1,0,Papilionoideae
Medicago_noeana,Medicago,0,1190000000000,0,1,NA,NA,NA,0,36.91611149,36.91611149,16,2,0,2,0,1,0,Papilionoideae
Medicago_orbicularis,Medicago,14500000000000,21400000000000,8,1,NA,1,1,3,39.22951887,39.22951887,16,2,0,2,0,1,0,Papilionoideae
Medicago_papillosa,Medicago,0,862000000000,0,1,NA,NA,NA,1,39.67143819,39.67143819,16,2,0,2,0,0,0,Papilionoideae
Medicago_polyceratia,Medicago,0,5950000000000,0,1,NA,NA,NA,0,32.18767388,32.18767388,28,4,1,3,1,1,1,Papilionoideae
Medicago_polymorpha,Medicago,43800000000000,16100000000000,30,1,NA,2,0,5,35.90556071,35.90556071,14,2,0,1,0,0,0,Papilionoideae
Medicago_praecox,Medicago,9780000000000,2810000000000,2,1,NA,NA,NA,0,39.83903327,39.83903327,14,2,0,1,0,1,0,Papilionoideae
Medicago_radiata,Medicago,790000000000,3880000000000,1,1,NA,NA,NA,1,37.32165736,37.32165736,16,2,0,2,0,1,0,Papilionoideae
Medicago_ruthenica,Medicago,0,10200000000000,0,1,NA,1,1,2,47.38076659,47.38076659,16,2,0,2,0,0,0,Papilionoideae
Medicago_sativa,Medicago,104000000000000,2510000000000,51,1,NA,3,0,6,13.71384711,13.71384711,32,5,1,3,1,0,1,Papilionoideae
Medicago_scutellata,Medicago,7520000000000,5710000000000,5,1,NA,1,1,1,38.04722988,38.04722988,32,5,1,3,1,0,1,Papilionoideae
Medicago_secundiflora,Medicago,0,3910000000000,0,1,NA,NA,NA,0,37.46843017,37.46843017,16,2,0,2,0,1,0,Papilionoideae
Medicago_soleirolii,Medicago,539000000000,2470000000000,1,1,NA,NA,NA,0,28.55837994,28.55837994,16,2,0,2,0,1,0,Papilionoideae
Medicago_suffruticosa,Medicago,0,1440000000000,0,1,NA,NA,NA,0,37.8462014,37.8462014,16,2,0,2,0,0,0,Papilionoideae
Medicago_truncatula,Medicago,7620000000000,8960000000000,1,1,NA,1,1,2,37.40641767,37.40641767,16,2,0,2,0,0,0,Papilionoideae
Medicago_turbinata,Medicago,0,10400000000000,0,1,NA,NA,NA,0,37.9325396,37.9325396,16,2,0,2,0,1,0,Papilionoideae
Melilotus_albus,Melilotus,36200000000000,41000000000000,22,1,NA,NA,NA,5,38.37683966,38.37683966,16,2,0,2,0,0,0,Papilionoideae
Melilotus_indicus,Melilotus,49200000000000,25200000000000,29,1,NA,1,1,5,29.40293849,29.40293849,16,2,0,2,0,1,0,Papilionoideae
Melilotus_officinalis,Melilotus,43000000000000,25900000000000,19,1,10,1,1,6,45.88771339,45.88771339,16,2,0,1,0,0,0,Papilionoideae
Melilotus_sulcatus,Melilotus,16400000000000,8440000000000,4,1,NA,NA,NA,1,36.78636783,36.78636783,16,2,0,2,0,1,0,Papilionoideae
Melolobium_obcordatum,Melolobium,0,2700000000000,0,1,NA,NA,NA,0,27.53376098,-27.53376098,18,2,0,2,0,0,0,Papilionoideae
Microlobius_foetidus,Microlobius,0,9230000000000,0,1,NA,2,0,0,5.16284123,-5.16284123,26,NA,NA,2,0,0,0,Mimosoid
Millettia_thonningii,Millettia,4380000000000,1480000000000,4,1,NA,NA,NA,2,7.81118696,7.81118696,16,1,0,2,0,0,0,Papilionoideae
Mimosa_aculeaticarpa,Mimosa,0,1600000000000,0,1,NA,NA,NA,0,23.5024378,23.5024378,52,4,1,4,1,0,1,Mimosoid
Mimosa_albida,Mimosa,4700589798,NA,2,1,NA,2,0,0,NA,NA,26,2,0,2,0,0,0,Mimosoid
Mimosa_debilis,Mimosa,0,NA,0,1,NA,NA,NA,0,NA,NA,52,4,1,4,1,0.033333333,1,Mimosoid
Mimosa_hirsutissima,Mimosa,0,4350000000000,0,1,NA,NA,NA,0,4.1018546,-4.1018546,26,2,0,2,0,0,0,Mimosoid
Mimosa_pigra,Mimosa,7260000000000,42600000000000,14,1,NA,2,0,3,1.62469983,1.62469983,26,2,0,2,0,0,0,Mimosoid
Mimosa_polycarpa,Mimosa,0,NA,0,1,NA,NA,NA,0,NA,NA,26,2,0,2,0,0.033333333,0,Mimosoid
Mimosa_pudica,Mimosa,30700000000000,16100000000000,50,1,NA,4,0,6,9.32751251,9.32751251,52,4,1,4,1,0,1,Mimosoid
Mimosa_quadrivalvis,Mimosa,1290000000000,21400000000000,4,1,NA,NA,NA,0,11.98397195,11.98397195,26,2,0,2,0,0,0,Mimosoid
Mimosa_somnians,Mimosa,0,15800000000000,0,1,NA,NA,NA,1,6.15014585,6.15014585,26,2,0,2,0,0,0,Mimosoid
Mimosa_tenuiflora,Mimosa,0,11000000000000,0,1,NA,NA,NA,2,8.80336654,8.80336654,26,2,0,2,0,0,0,Mimosoid
Mimozyganthus_carinatus,Mimozyganthus,0,523000000000,0,1,NA,NA,NA,1,30.83563357,-30.83563357,28,NA,NA,2,0,0,0,Mimosoid
Mirbelia_pungens,Mirbelia,0,2760000000000,0,1,NA,NA,NA,0,26.80239184,-26.80239184,16,NA,NA,2,0,0,0,Papilionoideae
Mucuna_nigricans,Mucuna,0,3210000000000,0,1,NA,NA,NA,0,21.93993429,21.93993429,22,2,0,2,0,0,0,Papilionoideae
Mundulea_sericea,Mundulea,2120000000000,20700000000000,2,1,NA,NA,NA,3,3.32137047,3.32137047,22,2,0,2,0,0,0,Papilionoideae
Neorautanenia_mitis,Neorautanenia,0,15100000000000,0,1,NA,NA,NA,2,5.67464587,5.67464587,22,NA,NA,2,0,0,0,Papilionoideae
Neptunia_monosperma,Neptunia,0,5610000000000,0,1,NA,NA,NA,0,23.16077529,-23.16077529,28,NA,NA,2,0,0,0,Mimosoid
Neptunia_oleracea,Neptunia,2055545262,34700000000000,1,1,NA,NA,NA,2,8.17614923,8.17614923,56,NA,NA,4,1,0,1,Mimosoid
Neptunia_plena,Neptunia,4450000000000,6700000000000,9,1,NA,NA,NA,1,11.89659651,11.89659651,75,NA,NA,6,1,0,1,Mimosoid
Neptunia_pubescens,Neptunia,0,1830000000000,0,1,NA,NA,NA,0,19.15791531,19.15791531,28,NA,NA,2,0,0,1,Mimosoid
Olneya_tesota,Olneya,0,768000000000,0,1,NA,NA,NA,0,27.58193304,27.58193304,18,2,0,2,0,0,0,Papilionoideae
Onobrychis_arenaria,Onobrychis,0,4780000000000,0,1,NA,NA,NA,0,43.70029865,43.70029865,14,2,0,1,0,0,0,Papilionoideae
Onobrychis_cyri,Onobrychis,0,4920000000000,0,1,NA,NA,NA,1,48.41342464,48.41342464,28,4,1,3,1,0,1,Papilionoideae
Onobrychis_transcaucasica,Onobrychis,0,2510000000000,0,1,NA,NA,NA,2,40.11503091,40.11503091,28,4,1,3,1,0,1,Papilionoideae
Onobrychis_viciifolia,Onobrychis,33400000000000,1890000000000,21,1,NA,1,1,2,46.66104323,46.66104323,28,4,1,3,1,0,1,Papilionoideae
Ononis_mitissima,Ononis,0,7170000000000,0,1,NA,NA,NA,0,36.34145256,36.34145256,30,4,1,3,1,1,1,Papilionoideae
Ononis_natrix,Ononis,9370000000000,10700000000000,1,1,NA,NA,NA,1,36.93878911,36.93878911,32,4,1,3,1,0,1,Papilionoideae
Ononis_rotundifolia,Ononis,0,1410000000000,0,1,NA,NA,NA,0,44.09075458,44.09075458,32,4,1,3,1,0,1,Papilionoideae
Ononis_serrata,Ononis,539000000000,11700000000000,1,1,NA,NA,NA,1,35.37832272,35.37832272,32,4,1,3,1,1,1,Papilionoideae
Ononis_vaginalis,Ononis,0,3020000000000,0,1,NA,NA,NA,0,29.74251309,29.74251309,32,4,1,3,1,0,1,Papilionoideae
Ophrestia_radicosa,Ophrestia,0,6530000000000,0,1,NA,NA,NA,0,3.35552793,-3.35552793,22,NA,NA,2,0,0,0,Papilionoideae
Ormocarpum_trichocarpum,Ormocarpum,0,10600000000000,0,1,NA,NA,NA,0,12.36080776,-12.36080776,24,2,0,2,0,0,0,Papilionoideae
Ormosia_henryi,Ormosia,0,2860000000000,0,1,NA,NA,NA,0,20.91981446,20.91981446,16,2,0,2,0,0,0,Papilionoideae
Ormosia_krugii,Ormosia,0,87369927785,0,1,NA,NA,NA,0,17.19296761,17.19296761,16,2,0,2,0,0,0,Papilionoideae
Ormosia_semicastrata,Ormosia,0,1120000000000,0,1,NA,NA,NA,0,22.80529782,22.80529782,16,2,0,2,0,0,0,Papilionoideae
Ornithopus_compressus,Ornithopus,18300000000000,7570000000000,4,1,NA,1,1,3,37.85351828,37.85351828,14,2,0,1,0,1,0,Papilionoideae
Ornithopus_perpusillus,Ornithopus,9530000000000,5530000000000,9,1,10,NA,NA,2,45.71810203,45.71810203,14,2,0,1,0,1,0,Papilionoideae
Ornithopus_pinnatus,Ornithopus,11100000000000,5750000000000,5,1,NA,NA,NA,0,39.18209087,39.18209087,14,2,0,1,0,1,0,Papilionoideae
Ornithopus_sativus,Ornithopus,23700000000000,3970000000000,13,1,NA,1,1,3,25.8039385,25.8039385,14,2,0,1,0,0,0,Papilionoideae
Ottleya_strigosa,Ottleya,0,3010000000000,0,1,NA,NA,NA,0,26.70297927,26.70297927,14,NA,NA,1,0,1,0,NA
Oxylobium_ellipticum,Oxylobium,0,1100000000000,0,1,NA,NA,NA,0,37.5996607,-37.5996607,16,NA,NA,2,0,0,0,Papilionoideae
Oxylobium_robustum,Oxylobium,0,2530000000000,0,1,NA,NA,NA,1,25.79163463,-25.79163463,16,NA,NA,2,0,0,0,Papilionoideae
Oxyrhynchus_volubilis,Oxyrhynchus,0,988000000000,0,1,NA,NA,NA,1,23.04533937,23.04533937,22,NA,NA,2,0,0,0,Papilionoideae
Oxytropis_arctica,Oxytropis,0,4610000000000,0,1,NA,NA,NA,0,57.65008403,57.65008403,96,12,1,9,1,0,1,Papilionoideae
Oxytropis_deflexa,Oxytropis,0,34400000000000,0,1,NA,NA,NA,2,52.88996636,52.88996636,16,2,0,2,0,0,0,Papilionoideae
Oxytropis_lambertii,Oxytropis,0,17600000000000,0,1,NA,NA,NA,0,45.5861914,45.5861914,48,6,1,5,1,0,1,Papilionoideae
Oxytropis_maydelliana,Oxytropis,0,5960000000000,0,1,NA,NA,NA,0,55.98878309,55.98878309,96,12,1,9,1,0,1,Papilionoideae
Oxytropis_pilosa,Oxytropis,0,23600000000000,0,1,NA,NA,NA,4,49.86941703,49.86941703,16,2,0,2,0,0,0,Papilionoideae
Oxytropis_sericea,Oxytropis,0,3420000000000,0,1,NA,NA,NA,0,39.27623486,39.27623486,48,6,1,5,1,0,1,Papilionoideae
Oxytropis_splendens,Oxytropis,0,1630000000000,0,1,NA,NA,NA,0,42.94065744,42.94065744,16,2,0,2,0,0,0,Papilionoideae
Pachyrhizus_erosus,Pachyrhizus,29100000000000,1330000000000,55,1,NA,2,0,7,8.73780415,8.73780415,22,2,0,2,0,0,0,Papilionoideae
Parapiptadenia_rigida,Parapiptadenia,2670000000000,1510000000000,1,1,NA,3,0,0,27.44343513,-27.44343513,26,NA,NA,2,0,0,0,Mimosoid
Paraserianthes_lophantha,Paraserianthes,13400000000000,8370000000000,13,1,NA,NA,NA,4,10.04267138,-10.04267138,26,NA,NA,2,0,0,0,Mimosoid
Parkia_biglandulosa,Parkia,2870000000000,807000000000,10,0,NA,NA,NA,2,21.61029237,21.61029237,26,NA,NA,2,0,0,0,Mimosoid
Parkinsonia_aculeata,Parkinsonia,42500000000000,17600000000000,26,0,NA,NA,NA,6,10.47457552,10.47457552,28,NA,NA,4,1,0,1,Caesalpinioideae
Parochetus_communis,Parochetus,268000000000,11300000000000,2,1,NA,NA,NA,2,14.64779606,14.64779606,16,2,0,2,0,0,0,Papilionoideae
Peltophorum_africanum,Peltophorum,4900000000000,9680000000000,7,1,NA,NA,NA,3,18.9588299,-18.9588299,26,NA,NA,4,1,0,0,Caesalpinioideae
Peltophorum_dubium,Peltophorum,3800000000000,11800000000000,6,0,NA,NA,NA,3,24.58551684,-24.58551684,26,NA,NA,4,1,0,0,Caesalpinioideae
Peltophorum_pterocarpum,Peltophorum,20000000000000,8830000000000,32,0,NA,NA,NA,7,2.53227517,2.53227517,26,NA,NA,4,1,0,0,Caesalpinioideae
Petalostylis_labicheoides,Petalostylis,0,6040000000000,0,0,NA,NA,NA,0,26.38076745,-26.38076745,28,NA,NA,2,0,0.063063063,0,Dialioideae
Petteria_ramentacea,Petteria,0,284000000000,0,1,NA,NA,NA,0,42.65139375,42.65139375,52,NA,NA,5,1,0,1,Papilionoideae
Phaseolus_acutifolius,Phaseolus,10700000000000,979000000000,7,1,NA,NA,NA,3,32.89681885,32.89681885,22,2,0,2,0,1,0,Papilionoideae
Phaseolus_coccineus,Phaseolus,37400000000000,3570000000000,31,1,NA,NA,NA,3,30.44236219,30.44236219,22,2,0,2,0,0,0,Papilionoideae
Phaseolus_filiformis,Phaseolus,0,1770000000000,0,1,NA,NA,NA,0,26.54462355,26.54462355,22,2,0,2,0,0,0,Papilionoideae
Phaseolus_lunatus,Phaseolus,40800000000000,272000000000,46,1,NA,2,0,5,9.90592018,9.90592018,22,2,0,2,0,0,0,Papilionoideae
Phaseolus_maculatus,Phaseolus,0,1360000000000,0,1,NA,NA,NA,0,25.9996614,25.9996614,22,2,0,2,0,0,0,Papilionoideae
Phaseolus_polystachios,Phaseolus,0,2380000000000,0,1,NA,NA,NA,0,37.06489832,37.06489832,22,2,0,2,0,0,0,Papilionoideae
Phaseolus_vulgaris,Phaseolus,48900000000000,2930000000000,49,1,NA,5,0,3,10.51720157,10.51720157,22,2,0,2,0,1,0,Papilionoideae
Phyllodium_pulchellum,Phyllodium,4700589798,14300000000000,2,1,NA,NA,NA,1,8.83878791,8.83878791,22,NA,NA,2,0,0,0,Papilionoideae
Phyllota_phylicoides,Phyllota,0,2530000000000,0,1,NA,NA,NA,0,25.79163463,-25.79163463,14,NA,NA,1,0,0,0,Papilionoideae
Pickeringia_montana,Pickeringia,0,474000000000,0,0,NA,NA,NA,0,28.18553821,28.18553821,28,NA,NA,3,1,0,1,Papilionoideae
Piptadenia_obliqua,Piptadenia,0,626000000000,0,1,NA,NA,NA,0,3.32798888,3.32798888,26,2,0,2,0,0,0,Mimosoid
Piptadenia_stipulacea,Piptadenia,0,NA,0,1,NA,1,1,0,NA,NA,26,2,0,2,0,0,0,Mimosoid
Piptanthus_nepalensis,Piptanthus,231000000000,5800000000000,1,1,NA,NA,NA,2,26.42720691,26.42720691,18,2,0,2,0,0,0,Papilionoideae
Piscidia_piscipula,Piscidia,2770000000000,1110000000000,3,1,NA,NA,NA,2,19.07652737,19.07652737,22,2,0,2,0,0,0,Papilionoideae
Pisum_sativum,Pisum,79000000000000,12300000000000,51,1,NA,1,1,3,32.8836943,32.8836943,14,2,0,1,0,0,0,Papilionoideae
Pithecellobium_dulce,Pithecellobium,25800000000000,17100000000000,39,1,NA,NA,NA,6,8.79750942,8.79750942,26,NA,NA,2,0,0,0,Mimosoid
Platylobium_formosum,Platylobium,0,2830000000000,0,1,NA,NA,NA,0,34.37660906,-34.37660906,16,NA,NA,2,0,0,0,Papilionoideae
Platylobium_obtusangulum,Platylobium,0,1280000000000,0,1,NA,NA,NA,0,36.69836819,-36.69836819,16,NA,NA,2,0,0,0,Papilionoideae
Platymiscium_pinnatum,Platymiscium,66288514196,NA,1,1,NA,NA,NA,0,NA,NA,20,1,0,2,0,0,0,Papilionoideae
Podalyria_sericea,Podalyria,117000000000,2670000000000,2,1,NA,1,1,1,25.48651667,-25.48651667,18,2,0,2,0,0,0,Papilionoideae
Podolobium_ilicifolium,Podolobium,0,2760000000000,0,1,NA,NA,NA,0,26.80239184,-26.80239184,16,NA,NA,2,0,0,0,Papilionoideae
Poiretia_punctata,Poiretia,0,238000000000,0,1,NA,NA,NA,0,17.2299188,17.2299188,20,NA,NA,2,0,0.123931624,0,Papilionoideae
Prosopis_africana,Prosopis,0,14200000000000,0,1,NA,NA,NA,2,16.99333532,16.99333532,28,NA,NA,2,0,0,0,Mimosoid
Prosopis_cineraria,Prosopis,2250000000000,8100000000000,2,1,NA,1,1,8,25.71605681,25.71605681,28,NA,NA,2,0,0,0,Mimosoid
Prosopis_glandulosa,Prosopis,23400000000000,2670000000000,13,1,NA,NA,NA,4,27.34254024,27.34254024,28,NA,NA,2,0,0,0,Mimosoid
Prosopis_juliflora,Prosopis,29100000000000,14500000000000,31,1,NA,2,0,3,18.92656963,18.92656963,28,NA,NA,2,0,0,0,Mimosoid
Prosopis_laevigata,Prosopis,0,3420000000000,0,1,NA,NA,NA,2,6.63149697,6.63149697,28,NA,NA,2,0,0,0,Mimosoid
Prosopis_nigra,Prosopis,0,4440000000000,0,1,NA,NA,NA,1,28.89789088,-28.89789088,28,NA,NA,2,0,0,0,Mimosoid
Prosopis_pallida,Prosopis,10800000000000,405000000000,4,1,NA,NA,NA,4,6.66875068,-6.66875068,28,NA,NA,2,0,0,0,Mimosoid
Prosopis_tamarugo,Prosopis,0,57065627652,0,1,NA,NA,NA,0,19.70296898,-19.70296898,28,NA,NA,2,0,0,0,Mimosoid
Prosopis_velutina,Prosopis,3470000000000,1370000000000,2,1,NA,NA,NA,0,27.77214475,27.77214475,28,NA,NA,2,0,0,0,Mimosoid
Pseudeminia_comosa,Pseudeminia,0,2990000000000,0,1,NA,NA,NA,0,12.99390002,-12.99390002,22,NA,NA,2,0,0,0,Papilionoideae
Pseudovigna_argentea,Pseudovigna,392000000000,2720000000000,2,1,NA,NA,NA,0,1.5971019,1.5971019,22,NA,NA,2,0,0,0,Papilionoideae
Psophocarpus_scandens,Psophocarpus,3370000000000,12700000000000,5,1,NA,NA,NA,3,4.90145755,-4.90145755,18,2,0,2,0,0,0,Papilionoideae
Psophocarpus_tetragonolobus,Psophocarpus,26600000000000,1050000000000,22,1,NA,NA,NA,4,2.59999035,-2.59999035,19,2,0,2,0,0,0,Papilionoideae
Psorothamnus_fremontii,Psorothamnus,0,1210000000000,0,0,NA,NA,NA,0,37.45547727,37.45547727,20,NA,NA,2,0,0,0,Papilionoideae
Pterocarpus_indicus,Pterocarpus,5360000000000,7390000000000,14,1,NA,1,1,3,4.25613314,4.25613314,44,4,1,4,1,0,1,Papilionoideae
Pterocarpus_macrocarpus,Pterocarpus,8040000000000,4590000000000,4,1,NA,NA,NA,2,19.7136982,19.7136982,22,2,0,2,0,0,0,Papilionoideae
Pterodon_emarginatus,Pterodon,0,4660000000000,0,0,NA,NA,NA,4,3.96193951,-3.96193951,16,NA,NA,2,0,0,0,Papilionoideae
Pterogyne_nitens,Pterogyne,824000000000,10500000000000,1,0,NA,NA,NA,2,18.33684594,-18.33684594,20,NA,NA,3,1,0,1,Caesalpinioideae
Pueraria_montana,Pueraria,4680000000000,9760000000000,11,1,NA,NA,NA,7,1.22280551,1.22280551,22,NA,NA,2,0,0,0,Papilionoideae
Pueraria_phaseoloides,Pueraria,16700000000000,8370000000000,25,1,NA,1,1,6,7.92125254,7.92125254,22,NA,NA,2,0,0,0,Papilionoideae
Pultenaea_blakelyi,Pultenaea,0,802000000000,0,1,NA,NA,NA,0,32.17021086,-32.17021086,16,2,0,2,0,0,0,Papilionoideae
Pultenaea_daphnoides,Pultenaea,115000000000,3810000000000,1,1,NA,NA,NA,0,34.81475557,-34.81475557,16,2,0,2,0,0,0,Papilionoideae
Pultenaea_densifolia,Pultenaea,0,1210000000000,0,1,NA,NA,NA,0,31.4539516,-31.4539516,16,2,0,2,0,0,0,Papilionoideae
Pultenaea_flexilis,Pultenaea,0,2530000000000,0,1,NA,NA,NA,0,25.79163463,-25.79163463,16,2,0,2,0,0,0,Papilionoideae
Pultenaea_myrtoides,Pultenaea,0,2530000000000,0,1,NA,NA,NA,0,25.79163463,-25.79163463,16,2,0,2,0,0,0,Papilionoideae
Pultenaea_scabra,Pultenaea,0,2010000000000,0,1,NA,NA,NA,0,31.74043124,-31.74043124,16,2,0,2,0,0,0,Papilionoideae
Pultenaea_stipularis,Pultenaea,0,802000000000,0,1,NA,NA,NA,0,32.17021086,-32.17021086,16,2,0,2,0,0,0,Papilionoideae
Pultenaea_tenuifolia,Pultenaea,0,3810000000000,0,1,NA,NA,NA,0,34.71005178,-34.71005178,16,2,0,2,0,0,0,Papilionoideae
Pultenaea_verruculosa,Pultenaea,0,2530000000000,0,1,NA,NA,NA,0,25.46607155,-25.46607155,14,2,0,1,0,0,0,Papilionoideae
Retama_monosperma,Retama,10800000000000,4230000000000,4,1,NA,1,1,1,31.79177941,31.79177941,48,NA,NA,5,1,0,1,Papilionoideae
Retama_raetam,Retama,1440000000000,8040000000000,2,1,NA,1,1,1,30.77954673,30.77954673,48,NA,NA,5,1,0,1,Papilionoideae
Retama_sphaerocarpa,Retama,2890000000000,3460000000000,2,1,NA,2,0,0,34.66170169,34.66170169,48,NA,NA,5,1,0,1,Papilionoideae
Rhynchosia_minima,Rhynchosia,16858731371,59100000000000,1,1,NA,1,1,3,9.98521864,9.98521864,22,2,0,2,0,0,0,Papilionoideae
Robinia_hispida,Robinia,6750000000000,2460000000000,11,1,NA,NA,NA,1,34.64423126,34.64423126,30,3,1,3,1,0,1,Papilionoideae
Robinia_pseudoacacia,Robinia,37600000000000,20700000000000,26,1,NA,NA,NA,8,49.0674765,49.0674765,22,2,0,2,0,0,0,Papilionoideae
Robinia_viscosa,Robinia,7890000000000,1390000000000,9,1,NA,NA,NA,1,39.98053909,39.98053909,20,2,0,2,0,0,0,Papilionoideae
Schizolobium_parahyba,Schizolobium,11000000000000,9850000000000,10,0,NA,NA,NA,2,3.499745,3.499745,24,NA,NA,3,1,0,1,Caesalpinioideae
Schotia_brachypetala,Schotia,4530000000000,3860000000000,5,0,NA,NA,NA,4,21.72947512,-21.72947512,24,NA,NA,3,1,0,1,Detarioideae
Scorpiurus_muricatus,Scorpiurus,268000000000,15600000000000,2,1,NA,NA,NA,1,33.31893815,33.31893815,28,4,1,3,1,1,1,Papilionoideae
Securigera_securidaca,Securigera,9750000000000,5560000000000,4,1,NA,NA,NA,3,38.73265964,38.73265964,12,2,0,1,0,1,0,Papilionoideae
Securigera_varia,Securigera,29900000000000,18300000000000,15,1,NA,NA,NA,5,46.56016777,46.56016777,24,4,1,2,0,0,0,Papilionoideae
Senna_alexandrina,Senna,2020000000000,19100000000000,9,0,NA,NA,NA,1,19.6454854,19.6454854,28,NA,NA,4,1,0,1,Caesalpinioideae
Senna_candolleana,Senna,0,NA,0,0,NA,NA,NA,0,NA,NA,28,NA,NA,4,1,0.027777778,1,Caesalpinioideae
Senna_didymobotrya,Senna,6790000000000,11200000000000,20,0,NA,NA,NA,5,3.47151569,3.47151569,28,NA,NA,4,1,0,1,Caesalpinioideae
Senna_obtusifolia,Senna,37500000000000,2060000000000,20,0,NA,NA,NA,5,0.53922465,0.53922465,26,NA,NA,4,1,0,1,Caesalpinioideae
Senna_occidentalis,Senna,30200000000000,27500000000000,48,0,NA,NA,NA,6,7.58692452,7.58692452,28,NA,NA,4,1,0,1,Caesalpinioideae
Senna_pendula,Senna,7030000000000,131000000000,7,0,NA,NA,NA,1,7.28863437,-7.28863437,28,NA,NA,4,1,0,1,Caesalpinioideae
Senna_reticulata,Senna,0,14200000000000,0,0,NA,NA,NA,0,6.82754923,6.82754923,28,NA,NA,4,1,0,1,Caesalpinioideae
Senna_surattensis,Senna,8970000000000,17100000000000,27,0,NA,NA,NA,3,10.44699464,10.44699464,30,NA,NA,4,1,0,1,Caesalpinioideae
Senna_tora,Senna,9940000000000,14600000000000,19,0,NA,NA,NA,5,20.39146654,20.39146654,26,NA,NA,4,1,0,1,Caesalpinioideae
Sesbania_cannabina,Sesbania,6670000000000,10300000000000,9,1,NA,3,0,4,5.43986796,5.43986796,24,4,1,2,0,0,0,Papilionoideae
Sesbania_drummondii,Sesbania,0,1270000000000,0,1,NA,NA,NA,2,25.63312311,25.63312311,12,2,0,1,0,0,0,Papilionoideae
Sesbania_grandiflora,Sesbania,17500000000000,2380000000000,39,1,NA,1,1,8,0.28125397,0.28125397,24,4,1,2,0,0,0,Papilionoideae
Sesbania_herbacea,Sesbania,0,2690000000000,0,1,NA,1,1,3,33.64704721,33.64704721,12,2,0,1,0,0,0,Papilionoideae
Sesbania_punicea,Sesbania,5330000000000,2780000000000,9,1,NA,3,0,3,35.37667204,-35.37667204,12,2,0,1,0,0,0,Papilionoideae
Sesbania_sesban,Sesbania,9750000000000,41700000000000,11,1,NA,3,0,7,12.35948341,12.35948341,12,2,0,1,0,0,0,Papilionoideae
Sesbania_tetraptera,Sesbania,0,12300000000000,0,1,NA,NA,NA,0,4.07106647,-4.07106647,12,2,0,1,0,1,0,Papilionoideae
Sesbania_tomentosa,Sesbania,0,NA,0,1,NA,NA,NA,0,NA,NA,12,2,0,1,0,0,0,Papilionoideae
Shuteria_involucrata,Shuteria,1060000000000,12400000000000,4,1,NA,NA,NA,0,12.64409112,12.64409112,22,NA,NA,2,0,0,0,Papilionoideae
Sindora_siamensis,Sindora,0,4170000000000,0,0,NA,NA,NA,4,6.40517089,6.40517089,12,NA,NA,2,0,0,0,Detarioideae
Sindora_supa,Sindora,0,2020000000000,0,0,NA,NA,NA,2,5.41318844,-5.41318844,16,NA,NA,2,0,0,0,Detarioideae
Sophora_arizonica,Sophora,0,294000000000,0,1,NA,NA,NA,0,34.29669616,34.29669616,18,2,0,2,0,0,0,Papilionoideae
Sophora_chrysophylla,Sophora,0,16858731371,0,1,NA,NA,NA,0,20.26898313,20.26898313,16,2,0,2,0,0,0,Papilionoideae
Sophora_davidii,Sophora,3250000000000,3550000000000,2,1,NA,NA,NA,1,31.09521025,31.09521025,18,2,0,2,0,0,0,Papilionoideae
Sophora_flavescens,Sophora,231000000000,19000000000000,1,1,NA,5,0,5,44.26742487,44.26742487,18,2,0,2,0,0,0,Papilionoideae
Sophora_microphylla,Sophora,8690000000000,268000000000,2,1,NA,1,1,1,42.1864432,-42.1864432,18,2,0,2,0,0,0,Papilionoideae
Sophora_prostrata,Sophora,231000000000,153000000000,1,1,NA,1,1,1,44.02210596,-44.02210596,18,2,0,2,0,0,0,Papilionoideae
Sophora_secundiflora,Sophora,2020000000000,1070000000000,3,1,NA,NA,NA,4,25.78519056,25.78519056,18,2,0,2,0,0,0,Papilionoideae
Sophora_tetraptera,Sophora,0,115000000000,0,1,NA,1,1,0,38.57756132,-38.57756132,18,2,0,2,0,0,0,Papilionoideae
Sophora_tomentosa,Sophora,3580000000000,26400000000000,2,1,NA,NA,NA,5,7.72459812,7.72459812,18,2,0,2,0,0,0,Papilionoideae
Strongylodon_macrobotrys,Strongylodon,229000000000,295000000000,6,1,NA,NA,NA,1,11.74740395,11.74740395,28,NA,NA,3,1,0,1,Papilionoideae
Strophostyles_umbellata,Strophostyles,0,3000000000000,0,1,NA,NA,NA,0,35.10328538,35.10328538,22,NA,NA,2,0,0,0,Papilionoideae
Stryphnodendron_adstringens,Stryphnodendron,0,NA,0,1,NA,NA,NA,0,NA,NA,26,NA,NA,2,0,0,0,Mimosoid
Stylosanthes_angustifolia,Stylosanthes,0,NA,0,1,NA,NA,NA,0,NA,NA,20,2,0,2,0,0,0,Papilionoideae
Stylosanthes_biflora,Stylosanthes,0,2500000000000,0,1,NA,NA,NA,0,37.01983418,37.01983418,20,2,0,2,0,0,0,Papilionoideae
Stylosanthes_erecta,Stylosanthes,0,9930000000000,0,1,NA,NA,NA,2,1.03652644,-1.03652644,60,6,1,6,1,0,1,Papilionoideae
Stylosanthes_fruticosa,Stylosanthes,0,27000000000000,0,1,NA,NA,NA,2,1.12232498,1.12232498,20,2,0,2,0,0,0,Papilionoideae
Stylosanthes_guianensis,Stylosanthes,19100000000000,5220000000000,23,1,NA,NA,NA,2,1.48378641,1.48378641,20,2,0,2,0,0,0,Papilionoideae
Stylosanthes_hamata,Stylosanthes,275000000000,NA,2,1,NA,NA,NA,0,NA,NA,20,2,0,2,0,0,0,Papilionoideae
Stylosanthes_humilis,Stylosanthes,12600000000000,3840000000000,14,1,NA,NA,NA,2,7.096008,7.096008,20,2,0,2,0,0,0,Papilionoideae
Stylosanthes_macrocephala,Stylosanthes,0,NA,0,1,NA,NA,NA,0,NA,NA,20,2,0,2,0,0,0,Papilionoideae
Stylosanthes_scabra,Stylosanthes,0,NA,0,1,NA,NA,NA,0,NA,NA,40,4,1,4,1,0,1,Papilionoideae
Stylosanthes_viscosa,Stylosanthes,72497769150,128000000000,1,1,NA,NA,NA,0,12.839712,12.839712,20,2,0,2,0,0,0,Papilionoideae
Sutherlandia_frutescens,Sutherlandia,4900000000000,4080000000000,3,1,NA,NA,NA,0,25.76023599,-25.76023599,16,2,0,2,0,0,0,Papilionoideae
Swainsona_formosa,Swainsona,66288514196,7390000000000,1,1,NA,NA,NA,1,25.1628483,-25.1628483,16,1,0,2,0,0,0,Papilionoideae
Swartzia_laevicarpa,Swartzia,0,6800000000000,0,1,NA,NA,NA,0,0.12535957,-0.12535957,28,NA,NA,3,1,0,1,Papilionoideae
Swartzia_langsdorffii,Swartzia,0,NA,0,1,NA,NA,NA,0,NA,NA,26,NA,NA,2,0,0,0,Papilionoideae
Swartzia_leptopetala,Swartzia,0,NA,0,1,NA,NA,NA,0,NA,NA,26,NA,NA,2,0,0,0,Papilionoideae
Swartzia_polyphylla,Swartzia,130000000000,NA,1,1,NA,NA,NA,1,NA,NA,26,NA,NA,2,0,0,0,Papilionoideae
Swartzia_simplex,Swartzia,0,482000000000,0,1,NA,NA,NA,0,16.55564137,16.55564137,26,NA,NA,2,0,0,0,Papilionoideae
Tamarindus_indica,Tamarindus,43700000000000,20400000000000,49,0,NA,NA,NA,8,1.38937214,1.38937214,24,NA,NA,2,0,0,0,Detarioideae
Templetonia_retusa,Templetonia,0,3510000000000,0,1,NA,NA,NA,0,26.80243548,-26.80243548,16,NA,NA,2,0,0,0,Papilionoideae
Tephrosia_grandiflora,Tephrosia,813000000000,2670000000000,2,1,NA,NA,NA,1,25.48651667,-25.48651667,22,2,0,2,0,0,0,Papilionoideae
Tephrosia_villosa,Tephrosia,0,25700000000000,0,1,NA,2,0,4,10.39529783,10.39529783,22,2,0,2,0,0,0,Papilionoideae
Teramnus_uncinatus,Teramnus,0,31700000000000,0,1,NA,NA,NA,0,11.10780341,11.10780341,28,NA,NA,3,1,0,0,NA
Thermopsis_lanceolata,Thermopsis,0,5520000000000,0,1,NA,NA,NA,3,39.67495457,39.67495457,18,NA,NA,2,0,0,0,Papilionoideae
Thermopsis_lupinoides,Thermopsis,0,7380000000000,0,1,NA,1,1,3,48.86736966,48.86736966,18,NA,NA,2,0,0,0,Papilionoideae
Thermopsis_villosa,Thermopsis,0,947000000000,0,1,NA,NA,NA,1,40.23929028,40.23929028,18,NA,NA,2,0,0,0,Papilionoideae
Tipuana_tipu,Tipuana,14900000000000,1320000000000,11,1,NA,NA,NA,6,20.5262858,-20.5262858,20,2,0,2,0,0,0,Papilionoideae
Trifolium_africanum,Trifolium,0,2700000000000,0,1,NA,NA,NA,1,27.53376098,-27.53376098,32,6,1,3,1,0,1,Papilionoideae
Trifolium_albopurpureum,Trifolium,0,16200000000000,0,1,NA,NA,NA,0,46.88768209,46.88768209,16,3,1,2,0,0,0,Papilionoideae
Trifolium_alexandrinum,Trifolium,29800000000000,131000000000,25,1,NA,NA,NA,3,7.28863437,-7.28863437,16,3,1,2,0,1,0,Papilionoideae
Trifolium_alpestre,Trifolium,45978014489,12800000000000,1,1,NA,NA,NA,1,47.2663545,47.2663545,16,3,1,2,0,0,0,Papilionoideae
Trifolium_amabile,Trifolium,0,9700000000000,0,1,NA,NA,NA,0,6.83057108,6.83057108,16,3,1,2,0,0,0,Papilionoideae
Trifolium_ambiguum,Trifolium,919000000000,8600000000000,2,1,NA,NA,NA,1,45.89829828,45.89829828,16,3,1,2,0,0,0,Papilionoideae
Trifolium_angustifolium,Trifolium,8580000000000,11100000000000,9,1,NA,NA,NA,1,37.51986559,37.51986559,16,3,1,2,0,1,0,Papilionoideae
Trifolium_argutum,Trifolium,3070000000000,2070000000000,2,1,NA,NA,NA,0,34.10546659,34.10546659,16,3,1,2,0,1,0,Papilionoideae
Trifolium_arvense,Trifolium,13700000000000,38800000000000,13,1,8,NA,NA,3,42.63744678,42.63744678,14,2,0,1,0,1,0,Papilionoideae
Trifolium_aureum,Trifolium,1050000000000,22600000000000,7,1,NA,NA,NA,3,46.74245057,46.74245057,14,3,1,1,0,0,0,Papilionoideae
Trifolium_baccarinii,Trifolium,0,6620000000000,0,1,NA,NA,NA,0,3.92614346,3.92614346,16,3,1,2,0,1,0,Papilionoideae
Trifolium_beckwithii,Trifolium,0,1960000000000,0,1,NA,NA,NA,0,42.26664486,42.26664486,48,10,1,5,1,0,1,Papilionoideae
Trifolium_bifidum,Trifolium,0,834000000000,0,1,NA,NA,NA,0,41.66077745,41.66077745,16,3,1,2,0,0,0,Papilionoideae
Trifolium_bocconei,Trifolium,358000000000,6060000000000,1,1,NA,NA,NA,0,39.72909208,39.72909208,14,3,1,1,0,1,0,Papilionoideae
Trifolium_boissieri,Trifolium,0,1650000000000,0,1,NA,NA,NA,0,35.89738153,35.89738153,16,3,1,2,0,1,0,Papilionoideae
Trifolium_burchellianum,Trifolium,0,6830000000000,0,1,NA,NA,NA,0,16.46299407,-16.46299407,48,10,1,5,1,0,1,Papilionoideae
Trifolium_campestre,Trifolium,40900000000000,35600000000000,20,1,NA,NA,NA,3,40.42564479,40.42564479,14,3,1,1,0,1,0,Papilionoideae
Trifolium_cernuum,Trifolium,12800000000000,1540000000000,15,1,NA,NA,NA,0,38.95373887,38.95373887,16,3,1,2,0,1,0,Papilionoideae
Trifolium_cheranganiense,Trifolium,2670000000000,824000000000,1,1,NA,NA,NA,0,0.75017422,0.75017422,16,3,1,2,0,0,0,Papilionoideae
Trifolium_cherleri,Trifolium,3510000000000,9630000000000,1,1,NA,NA,NA,0,37.06337654,37.06337654,10,2,0,1,0,1,0,Papilionoideae
Trifolium_ciliolatum,Trifolium,0,834000000000,0,1,NA,NA,NA,0,41.66077745,41.66077745,16,3,1,2,0,1,0,Papilionoideae
Trifolium_clypeatum,Trifolium,0,1090000000000,0,1,NA,NA,NA,0,35.55338876,35.55338876,16,3,1,2,0,1,0,Papilionoideae
Trifolium_cyathiferum,Trifolium,0,4620000000000,0,1,NA,NA,NA,0,35.86690149,35.86690149,16,3,1,2,0,1,0,Papilionoideae
Trifolium_dasyphyllum,Trifolium,0,1440000000000,0,1,NA,NA,NA,0,41.19535332,41.19535332,16,3,1,2,0,0,0,Papilionoideae
Trifolium_depauperatum,Trifolium,0,3880000000000,0,1,NA,NA,NA,0,5.38386362,5.38386362,16,3,1,2,0,1,0,Papilionoideae
Trifolium_dubium,Trifolium,40300000000000,13000000000000,33,1,NA,NA,NA,2,42.81116957,42.81116957,28,6,1,3,1,1,1,Papilionoideae
Trifolium_echinatum,Trifolium,795000000000,6240000000000,1,1,NA,NA,NA,2,38.74593397,38.74593397,16,3,1,2,0,1,0,Papilionoideae
Trifolium_fragiferum,Trifolium,23900000000000,34700000000000,7,1,NA,3,0,4,39.85261222,39.85261222,16,3,1,2,0,0,0,Papilionoideae
Trifolium_fucatum,Trifolium,0,834000000000,0,1,NA,NA,NA,0,41.66077745,41.66077745,16,3,1,2,0,1,0,Papilionoideae
Trifolium_glanduliferum,Trifolium,0,1220000000000,0,1,NA,NA,NA,0,36.55123389,36.55123389,16,3,1,2,0,1,0,Papilionoideae
Trifolium_glomeratum,Trifolium,14100000000000,8450000000000,12,1,NA,NA,NA,2,39.12665103,39.12665103,16,3,1,2,0,0,0,Papilionoideae
Trifolium_gracilentum,Trifolium,0,16800000000000,0,1,NA,NA,NA,0,41.60963901,41.60963901,16,3,1,2,0,1,0,Papilionoideae
Trifolium_grandiflorum,Trifolium,0,3970000000000,0,1,NA,NA,NA,0,39.4431087,39.4431087,16,3,1,2,0,1,0,Papilionoideae
Trifolium_hirtum,Trifolium,9190000000000,8070000000000,7,1,NA,NA,NA,1,38.56370637,38.56370637,10,2,0,1,0,1,0,Papilionoideae
Trifolium_incarnatum,Trifolium,31600000000000,5030000000000,28,1,NA,NA,NA,2,45.14121498,45.14121498,14,3,1,1,0,1,0,Papilionoideae
Trifolium_lappaceum,Trifolium,5160000000000,11000000000000,2,1,NA,NA,NA,2,37.74679038,37.74679038,16,3,1,2,0,1,0,Papilionoideae
Trifolium_longipes,Trifolium,0,1340000000000,0,1,NA,NA,NA,0,41.64647681,41.64647681,24,5,1,2,0,0,0,Papilionoideae
Trifolium_micranthum,Trifolium,6520000000000,10800000000000,5,1,NA,NA,NA,0,40.98117311,40.98117311,16,3,1,2,0,1,0,Papilionoideae
Trifolium_microcephalum,Trifolium,0,4540000000000,0,1,NA,NA,NA,0,35.28688776,35.28688776,16,3,1,2,0,1,0,Papilionoideae
Trifolium_nanum,Trifolium,0,1440000000000,0,1,NA,NA,NA,0,41.19535332,41.19535332,16,3,1,2,0,0,0,Papilionoideae
Trifolium_nigrescens,Trifolium,633000000000,8930000000000,1,1,NA,NA,NA,1,37.34547043,37.34547043,16,3,1,2,0,1,0,Papilionoideae
Trifolium_obscurum,Trifolium,0,3550000000000,0,1,NA,NA,NA,0,37.51432969,37.51432969,16,3,1,2,0,1,0,Papilionoideae
Trifolium_ornithopodioides,Trifolium,7550000000000,5420000000000,6,1,NA,NA,NA,0,42.88993222,42.88993222,16,3,1,2,0,1,0,Papilionoideae
Trifolium_palaestinum,Trifolium,0,314000000000,0,1,NA,NA,NA,0,33.64322829,33.64322829,16,3,1,2,0,1,0,Papilionoideae
Trifolium_pallidum,Trifolium,539000000000,5320000000000,1,1,NA,NA,NA,0,40.31677478,40.31677478,16,3,1,2,0,1,0,Papilionoideae
Trifolium_patens,Trifolium,0,5200000000000,0,1,NA,NA,NA,0,38.09975311,38.09975311,14,3,1,1,0,1,0,Papilionoideae
Trifolium_pratense,Trifolium,58400000000000,38200000000000,27,1,72,2,0,7,40.12460519,40.12460519,14,2,0,1,0,0,0,Papilionoideae
Trifolium_pseudostriatum,Trifolium,0,3680000000000,0,1,NA,NA,NA,1,3.81123699,-3.81123699,16,3,1,2,0,1,0,Papilionoideae
Trifolium_reflexum,Trifolium,0,19000000000000,0,1,NA,NA,NA,0,45.85925832,45.85925832,16,3,1,2,0,1,0,Papilionoideae
Trifolium_repens,Trifolium,63100000000000,41200000000000,39,1,NA,3,0,8,41.5648251,41.5648251,32,6,1,3,1,0,1,Papilionoideae
Trifolium_resupinatum,Trifolium,15400000000000,12100000000000,16,1,NA,NA,NA,4,39.56886028,39.56886028,16,3,1,2,0,1,0,Papilionoideae
Trifolium_rubens,Trifolium,0,3690000000000,0,1,NA,NA,NA,1,46.65877329,46.65877329,16,3,1,2,0,0,0,Papilionoideae
Trifolium_rueppellianum,Trifolium,916000000000,9120000000000,4,1,NA,NA,NA,0,6.23086329,6.23086329,16,3,1,2,0,0,0,Papilionoideae
Trifolium_scabrum,Trifolium,4720000000000,12900000000000,3,1,NA,NA,NA,1,39.50421833,39.50421833,10,2,0,1,0,1,0,Papilionoideae
Trifolium_scutatum,Trifolium,0,1620000000000,0,1,NA,NA,NA,0,27.04405009,27.04405009,16,3,1,2,0,1,0,Papilionoideae
Trifolium_semipilosum,Trifolium,10800000000000,3070000000000,4,1,NA,NA,NA,1,5.15251223,5.15251223,16,3,1,2,0,0,0,Papilionoideae
Trifolium_simense,Trifolium,0,9130000000000,0,1,NA,NA,NA,0,3.96551634,3.96551634,32,6,1,3,1,1,1,Papilionoideae
Trifolium_spumosum,Trifolium,2790000000000,8720000000000,3,1,NA,NA,NA,1,35.12159617,35.12159617,16,3,1,2,0,1,0,Papilionoideae
Trifolium_squamosum,Trifolium,7870000000000,8820000000000,3,1,NA,NA,NA,0,39.58028659,39.58028659,16,3,1,2,0,1,0,Papilionoideae
Trifolium_squarrosum,Trifolium,599000000000,6450000000000,2,1,NA,NA,NA,0,37.63878603,37.63878603,16,3,1,2,0,1,0,Papilionoideae
Trifolium_stellatum,Trifolium,4040000000000,10600000000000,3,1,NA,NA,NA,2,37.70347598,37.70347598,14,3,1,1,0,1,0,Papilionoideae
Trifolium_stoloniferum,Trifolium,0,1060000000000,0,1,NA,NA,NA,0,38.52351837,38.52351837,16,3,1,2,0,0,0,Papilionoideae
Trifolium_striatum,Trifolium,14800000000000,14600000000000,6,1,NA,NA,NA,1,42.77789671,42.77789671,14,3,1,1,0,0,0,Papilionoideae
Trifolium_strictum,Trifolium,358000000000,6740000000000,1,1,NA,NA,NA,0,41.41517701,41.41517701,16,3,1,2,0,1,0,Papilionoideae
Trifolium_suffocatum,Trifolium,7550000000000,9740000000000,5,1,NA,NA,NA,0,37.8802693,37.8802693,16,3,1,2,0,1,0,Papilionoideae
Trifolium_sylvaticum,Trifolium,358000000000,3750000000000,1,1,NA,NA,NA,0,39.07788928,39.07788928,14,3,1,1,0,1,0,Papilionoideae
Trifolium_thalii,Trifolium,0,2170000000000,0,1,NA,NA,NA,0,38.77501787,38.77501787,16,3,1,2,0,0,0,Papilionoideae
Trifolium_tomentosum,Trifolium,11300000000000,15000000000000,9,1,NA,NA,NA,1,37.33372012,37.33372012,16,3,1,2,0,1,0,Papilionoideae
Trifolium_usambarense,Trifolium,3060000000000,8300000000000,2,1,NA,NA,NA,1,2.0436644,2.0436644,16,3,1,2,0,1,0,Papilionoideae
Trifolium_variegatum,Trifolium,0,18100000000000,0,1,NA,NA,NA,0,47.32604603,47.32604603,16,3,1,2,0,1,0,Papilionoideae
Trifolium_willdenovii,Trifolium,0,1950000000000,0,1,NA,NA,NA,0,39.51948825,39.51948825,16,3,1,2,0,1,0,Papilionoideae
Trifolium_wormskioldii,Trifolium,0,3700000000000,0,1,NA,NA,NA,1,31.84253896,31.84253896,32,6,1,3,1,0,1,Papilionoideae
Trigonella_arabica,Trigonella,0,1300000000000,0,1,NA,NA,NA,1,30.09974272,30.09974272,16,2,0,2,0,1,0,Papilionoideae
Trigonella_balansae,Trigonella,116000000000,3270000000000,1,1,NA,NA,NA,2,30.83723646,30.83723646,16,2,0,2,0,1,0,Papilionoideae
Trigonella_caerulea,Trigonella,43800000000000,NA,15,1,NA,NA,NA,4,NA,NA,16,2,0,2,0,1,0,Papilionoideae
Trigonella_calliceras,Trigonella,0,2250000000000,0,1,NA,NA,NA,0,37.682411,37.682411,16,2,0,2,0,0,0,Papilionoideae
Trigonella_cretica,Trigonella,0,762000000000,0,1,NA,NA,NA,0,38.38409282,38.38409282,16,2,0,2,0,1,0,Papilionoideae
Trigonella_stellata,Trigonella,0,10200000000000,0,1,NA,NA,NA,2,29.2718597,29.2718597,16,2,0,2,0,1,0,Papilionoideae
Tripodion_tetraphyllum,Tripodion,0,8380000000000,0,1,NA,NA,NA,0,37.97305081,37.97305081,16,NA,NA,2,0,1,0,Papilionoideae
Ulex_europaeus,Ulex,54000000000000,2250000000000,40,1,NA,1,1,6,37.52703143,37.52703143,96,6,1,9,1,0,1,Papilionoideae
Ulex_gallii,Ulex,0,1330000000000,0,1,NA,NA,NA,0,50.37284987,50.37284987,88,6,1,8,1,0,1,Papilionoideae
Uraria_picta,Uraria,2055545262,31100000000000,1,1,NA,NA,NA,1,11.47219786,11.47219786,22,NA,NA,2,0,0,0,Papilionoideae
Vandasina_retusa,Vandasina,0,4670000000000,0,1,NA,NA,NA,1,8.06949004,-8.06949004,22,NA,NA,2,0,0,0,NA
Vicia_americana,Vicia,0,5920000000000,0,1,NA,NA,NA,0,33.80589323,33.80589323,14,3,1,1,0,0,0,Papilionoideae
Vicia_amoena,Vicia,0,19800000000000,0,1,NA,1,1,2,47.31120259,47.31120259,24,5,1,2,0,0,0,Papilionoideae
Vicia_articulata,Vicia,9560000000000,3800000000000,4,1,NA,NA,NA,3,42.41501197,42.41501197,14,3,1,1,0,1,0,Papilionoideae
Vicia_benghalensis,Vicia,6650000000000,4430000000000,7,1,NA,NA,NA,2,38.38885688,38.38885688,14,3,1,1,0,1,0,Papilionoideae
Vicia_bithynica,Vicia,0,7270000000000,0,1,NA,NA,NA,1,38.92581147,38.92581147,14,3,1,1,0,1,0,Papilionoideae
Vicia_cassubica,Vicia,0,12300000000000,0,1,NA,NA,NA,1,47.25878122,47.25878122,12,2,0,1,0,0,0,Papilionoideae
Vicia_cracca,Vicia,10200000000000,41700000000000,9,1,15,1,1,5,45.91831254,45.91831254,28,5,1,2,0,0,0,Papilionoideae
Vicia_disperma,Vicia,9090000000000,4310000000000,3,1,NA,NA,NA,0,38.6017296,38.6017296,14,3,1,1,0,1,0,Papilionoideae
Vicia_ervilia,Vicia,4070000000000,12800000000000,6,1,NA,NA,NA,4,42.00751036,42.00751036,14,3,1,1,0,0,0,Papilionoideae
Vicia_faba,Vicia,94500000000000,284000000000,45,1,10,1,1,4,25.65537016,-25.65537016,12,2,0,1,0,1,0,Papilionoideae
Vicia_grandiflora,Vicia,2650000000000,11300000000000,2,1,NA,NA,NA,1,45.12639523,45.12639523,14,3,1,1,0,0,0,Papilionoideae
Vicia_hirsuta,Vicia,13000000000000,42300000000000,16,1,10,1,1,4,36.75835276,36.75835276,14,2,0,1,0,0,0,Papilionoideae
Vicia_hybrida,Vicia,41507410896,19200000000000,1,1,NA,NA,NA,2,40.80149549,40.80149549,12,2,0,1,0,1,0,Papilionoideae
Vicia_lathyroides,Vicia,8920000000000,11700000000000,6,1,NA,NA,NA,1,43.37482171,43.37482171,12,2,0,1,0,1,0,Papilionoideae
Vicia_ludoviciana,Vicia,0,3180000000000,0,1,NA,NA,NA,0,35.25005538,35.25005538,14,3,1,1,0,1,0,Papilionoideae
Vicia_lutea,Vicia,3840000000000,11500000000000,6,1,NA,NA,NA,2,41.26644544,41.26644544,14,3,1,1,0,1,0,Papilionoideae
Vicia_monantha,Vicia,8740000000000,13500000000000,3,1,NA,NA,NA,2,35.31470237,35.31470237,14,3,1,1,0,1,0,Papilionoideae
Vicia_narbonensis,Vicia,16500000000000,17400000000000,5,1,NA,NA,NA,3,41.95922051,41.95922051,14,3,1,1,0,0,0,Papilionoideae
Vicia_pannonica,Vicia,14100000000000,11100000000000,10,1,NA,NA,NA,2,42.5468171,42.5468171,12,2,0,1,0,1,0,Papilionoideae
Vicia_parviflora,Vicia,66288514196,10600000000000,1,1,NA,NA,NA,1,39.62380702,39.62380702,14,3,1,1,0,1,0,Papilionoideae
Vicia_peregrina,Vicia,460000000000,23900000000000,3,1,NA,NA,NA,2,39.77698458,39.77698458,14,3,1,1,0,1,0,Papilionoideae
Vicia_sativa,Vicia,51600000000000,18700000000000,39,1,16,1,1,4,33.47215976,33.47215976,10,2,0,1,0,0,0,Papilionoideae
Vicia_sepium,Vicia,570000000000,25300000000000,3,1,NA,1,1,5,46.57728502,46.57728502,14,3,1,1,0,0,0,Papilionoideae
Vicia_tenuifolia,Vicia,284000000000,30400000000000,3,1,NA,NA,NA,3,42.96808331,42.96808331,24,5,1,2,0,0,0,Papilionoideae
Vicia_tetrasperma,Vicia,8550000000000,37400000000000,11,1,3,1,1,2,42.2437501,42.2437501,14,3,1,1,0,0,0,Papilionoideae
Vicia_unijuga,Vicia,0,24500000000000,0,1,NA,NA,NA,4,48.60652714,48.60652714,12,2,0,1,0,0,0,Papilionoideae
Vicia_villosa,Vicia,13000000000000,29200000000000,12,1,NA,1,1,4,39.40769423,39.40769423,14,3,1,1,0,0,0,Papilionoideae
Vigna_angularis,Vigna,5000000000000,326000000000,11,1,NA,3,0,2,16.65164518,16.65164518,22,2,0,2,0,1,0,Papilionoideae
Vigna_luteola,Vigna,3290000000000,24900000000000,6,1,NA,NA,NA,2,7.99001409,7.99001409,22,2,0,2,0,0,0,Papilionoideae
Vigna_marina,Vigna,5763479656,8320000000000,4,1,NA,NA,NA,4,3.75145798,3.75145798,22,2,0,2,0,0,0,Papilionoideae
Vigna_mungo,Vigna,19800000000000,2850000000000,16,1,NA,NA,NA,3,6.94315476,6.94315476,22,2,0,2,0,1,0,Papilionoideae
Vigna_radiata,Vigna,45700000000000,6340000000000,36,1,9,3,0,4,16.4143009,16.4143009,22,2,0,2,0,0,0,Papilionoideae
Vigna_subterranea,Vigna,20000000000000,2310000000000,10,1,NA,3,0,3,7.08178697,-7.08178697,22,2,0,2,0,1,0,Papilionoideae
Vigna_trilobata,Vigna,5040000000000,19400000000000,6,1,NA,NA,NA,3,19.17627597,19.17627597,22,2,0,2,0,0,0,Papilionoideae
Vigna_unguiculata,Vigna,18800000000000,20900000000000,30,1,NA,4,0,5,0.09107861,0.09107861,22,2,0,2,0,0,0,Papilionoideae
Virgilia_oroboides,Virgilia,12400000000000,2670000000000,8,1,NA,1,1,3,25.48651667,-25.48651667,54,NA,NA,5,1,0,1,Papilionoideae
Wallaceodendron_celebicum,Wallaceodendron,0,2600000000000,0,1,NA,NA,NA,1,3.5485915,3.5485915,26,NA,NA,2,0,0,0,Mimosoid
Wisteria_floribunda,Wisteria,13400000000000,371000000000,6,1,NA,NA,NA,5,32.30508668,32.30508668,16,NA,NA,2,0,0,0,Papilionoideae
Wisteria_frutescens,Wisteria,2780000000000,1630000000000,1,1,NA,NA,NA,0,35.9924055,35.9924055,16,NA,NA,2,0,0,0,Papilionoideae
Wisteria_sinensis,Wisteria,8570000000000,1350000000000,24,1,NA,NA,NA,5,29.23043211,29.23043211,16,NA,NA,2,0,0,0,Papilionoideae
Xeroderris_stuhlmannii,Xeroderris,0,12300000000000,0,1,NA,NA,NA,3,2.12954975,-2.12954975,24,NA,NA,2,0,0,0,NA
Zapoteca_formosa,Zapoteca,0,6100000000000,0,1,NA,NA,NA,0,10.44864759,10.44864759,26,NA,NA,2,0,0,0,Mimosoid
